,Ubicacion,Metros cuadrados,Metros cuadrados techados,Parqueo,Medio baños,Dormitorios,Antiguedad del edificio,Parque cercano,Piso en el que se encuentra,Venta,Mantenimiento,Link Pagina,Link imagen
0," Los Olivos, Lima",261m²Superficie total,261m²Superficie techada,No hay informacion,1Medio baño,5Dormitorios,20Antigüedad,No hay informacion,No hay informacion,"S/ 809,200",No Mantenience,https://urbania.pe/inmueble/venta-de-casa-en-los-olivos-lima-5-a-mas-dormitorios-57829155,https://img10.naventcdn.com/avisos/111/00/57/82/91/55/720x532/203507619.jpg
1,"antigua carretera panamericana sur km 107,  Asia, Cañete",235m²Superficie total,235m²Superficie techada,No hay informacion,No hay informacion,4Dormitorios,A estrenarAntigüedad,Parques Cercanos ,No hay informacion,"S/ 630,800",450,https://urbania.pe/inmueble/venta-de-casa-en-asia-canete-4-dormitorios-13386526,https://img10.naventcdn.com/avisos/111/00/13/38/65/26/720x532/199039824.jpg
2,"Playa Blanca,  Blanca, Asia",180m²Superficie total,225m²Superficie techada,0Estacionamientos,No hay informacion,4Dormitorios,A estrenarAntigüedad,Parque Interno ,No hay informacion,"S/ 1,925,600",No Mantenience,https://urbania.pe/inmueble/venta-de-casa-en-blanca-asia-4-dormitorios-13218492,https://img10.naventcdn.com/avisos/111/00/13/21/84/92/720x532/195450147.jpg
3,"Calle Los Cibeles cuadra 1,  Ventura Rossi, Rímac",198m²Superficie total,150m²Superficie techada,0Estacionamientos,No hay informacion,5Dormitorios,20Antigüedad,No hay informacion,No hay informacion,"S/ 298,800",No Mantenience,https://urbania.pe/inmueble/venta-de-casa-en-ventura-rossi-rimac-5-a-mas-dormitorios-13437381,https://img10.naventcdn.com/avisos/111/00/13/43/73/81/720x532/200228001.jpg
4,"Urb. Casuarinas - Santiago de Surco,  Las Casuarinas, Santiago de Surco",1624m²Superficie total,656m²Superficie techada,4Estacionamientos,No hay informacion,5Dormitorios,44Antigüedad,Parques Cercanos ,No hay informacion,"S/ 9,296,000",No Mantenience,https://urbania.pe/inmueble/venta-de-casa-en-las-casuarinas-santiago-de-surco-5-a-mas-dormitorios-12766948,https://img10.naventcdn.com/avisos/111/00/12/76/69/48/720x532/195308230.jpg
5," El Sol De La Molina, La Molina",1426m²Superficie total,750m²Superficie techada,10Estacionamientos,No hay informacion,9Dormitorios,20Antigüedad,No hay informacion,No hay informacion,"S/ 6,825,000",No Mantenience,https://urbania.pe/inmueble/venta-de-casa-en-el-sol-de-la-molina-la-molina-5-a-mas-dormitorios-58283752,https://img10.naventcdn.com/avisos/111/00/58/28/37/52/720x532/210803777.jpg
6,"Nueva Toledo 1ra. Etapa,  Cieneguilla, Lima",4971m²Superficie total,455m²Superficie techada,5Estacionamientos,1Medio baño,4Dormitorios,20Antigüedad,Parque Interno ,No hay informacion,"S/ 4,648,000",No Mantenience,https://urbania.pe/inmueble/venta-de-casa-en-cieneguilla-lima-4-dormitorios-13374931,https://img10.naventcdn.com/avisos/111/00/13/37/49/31/720x532/198818863.jpg
7,"Calle Ivan Huerta,  Prolong. Benavides, Santiago de Surco",120m²Superficie total,120m²Superficie techada,2Estacionamientos,No hay informacion,3Dormitorios,15Antigüedad,Parque Interno ,No hay informacion,"S/ 1,182,195",No Mantenience,https://urbania.pe/inmueble/venta-de-casa-en-prolong-benavides-santiago-de-surco-3-dormitorios-58346276,https://img10.naventcdn.com/avisos/111/00/58/34/62/76/720x532/211765673.jpg
8,"CALLE 16 N° 300,  Rímac, Lima",193m²Superficie total,140m²Superficie techada,0Estacionamientos,No hay informacion,4Dormitorios,50Antigüedad,Parques Cercanos ,No hay informacion,"S/ 564,400",No Mantenience,https://urbania.pe/inmueble/venta-de-casa-en-rimac-lima-4-dormitorios-13412540,https://img10.naventcdn.com/avisos/111/00/13/41/25/40/720x532/201401978.jpg
9,"Pasaje Independencia,  Miraflores, Lima",160m²Superficie total,270m²Superficie techada,No hay informacion,No hay informacion,4Dormitorios,30Antigüedad,Parques Cercanos ,No hay informacion,"S/ 1,925,600",No Mantenience,https://urbania.pe/inmueble/venta-de-casa-en-miraflores-lima-4-dormitorios-13489992,https://img10.naventcdn.com/avisos/111/00/13/48/99/92/720x532/201271863.jpg
10,"quebrada verde,  Quebrada Verde, Pachacamac",3100m²Superficie total,3090m²Superficie techada,5Estacionamientos,No hay informacion,5Dormitorios,10Antigüedad,Parque Interno ,No hay informacion,"S/ 2,878,000",No Mantenience,https://urbania.pe/inmueble/venta-de-casa-en-quebrada-verde-pachacamac-5-a-mas-dormitorios-13335828,https://img10.naventcdn.com/avisos/111/00/13/33/58/28/720x532/198206771.jpg
11,"ASIA BONITA VISTA AL MAR Cerca al boulevard condominio cerrado con piscinas,  Asia, Cañete",184m²Superficie total,184m²Superficie techada,2Estacionamientos,No hay informacion,3Dormitorios,A estrenarAntigüedad,No hay informacion,No hay informacion,"S/ 657,360",No Mantenience,https://urbania.pe/inmueble/venta-de-casa-en-asia-canete-3-dormitorios-13423817,https://img10.naventcdn.com/avisos/111/00/13/42/38/17/720x532/199848733.jpg
12," Mala, Cañete",250m²Superficie total,250m²Superficie techada,2Estacionamientos,No hay informacion,5Dormitorios,1Antigüedad,Parques Cercanos ,No hay informacion,"S/ 1,386,000",No Mantenience,https://urbania.pe/inmueble/venta-de-casa-en-mala-canete-5-a-mas-dormitorios-58363692,https://img10.naventcdn.com/avisos/111/00/58/36/36/92/720x532/212100313.jpg
13,"Calle José Sabogal cdra. 3,  La Molina, Lima",298m²Superficie total,400m²Superficie techada,2Estacionamientos,No hay informacion,4Dormitorios,25Antigüedad,Parques Cercanos ,No hay informacion,"S/ 2,490,000",No Mantenience,https://urbania.pe/inmueble/venta-de-casa-en-la-molina-lima-4-dormitorios-13473080,https://img10.naventcdn.com/avisos/111/00/13/47/30/80/720x532/200859588.jpg
14," Miraflores, Lima",327m²Superficie total,122m²Superficie techada,0Estacionamientos,No hay informacion,9Dormitorios,10Antigüedad,Parque Interno ,No hay informacion,"S/ 2,177,500",No Mantenience,https://urbania.pe/inmueble/venta-de-casa-en-miraflores-lima-5-a-mas-dormitorios-58143064,https://img10.naventcdn.com/avisos/111/00/58/14/30/64/720x532/208609343.jpg
15,"DOMINGO ELIAS,  Surquillo, Lima",120m²Superficie total,100m²Superficie techada,0Estacionamientos,No hay informacion,9Dormitorios,20Antigüedad,No hay informacion,No hay informacion,"S/ 777,400",No Mantenience,https://urbania.pe/inmueble/venta-de-casa-en-surquillo-lima-5-a-mas-dormitorios-58092832,https://img10.naventcdn.com/avisos/111/00/58/09/28/32/720x532/207846889.jpg
16,"JR RICARDO PALMA,  Villa María del Triunfo, Lima",No hay informacion,340m²Superficie techada,0Estacionamientos,No hay informacion,6Dormitorios,25Antigüedad,No hay informacion,No hay informacion,"S/ 753,750",No Mantenience,https://urbania.pe/inmueble/venta-de-casa-en-villa-maria-del-triunfo-lima-5-a-mas-dormitorios-57988849,https://img10.naventcdn.com/avisos/111/00/57/98/88/49/720x532/206230628.jpg
17," San Miguel, Lima",250m²Superficie total,250m²Superficie techada,2Estacionamientos,1Medio baño,6Dormitorios,20Antigüedad,No hay informacion,No hay informacion,"S/ 1,436,200",No Mantenience,https://urbania.pe/inmueble/venta-de-casa-en-san-miguel-lima-5-a-mas-dormitorios-58127079,https://img10.naventcdn.com/avisos/111/00/58/12/70/79/720x532/208359331.jpg
18," Chorrillos, Lima",250m²Superficie total,250m²Superficie techada,No hay informacion,No hay informacion,6Dormitorios,30Antigüedad,No hay informacion,No hay informacion,"S/ 871,000",No Mantenience,https://urbania.pe/inmueble/venta-de-casa-en-chorrillos-lima-5-a-mas-dormitorios-58244752,https://img10.naventcdn.com/avisos/111/00/58/24/47/52/720x532/210217594.jpg
19,"Casa DE Campo Lurin CON Pisicina Amplios Ambientes - Excelentes Acabados,  Lima, Lima",5000m²Superficie total,No hay informacion,5Estacionamientos,1Medio baño,5Dormitorios,6Antigüedad,No hay informacion,No hay informacion,"S/ 3,502,798",No Mantenience,https://urbania.pe/inmueble/venta-de-casa-en-lima-lima-5-a-mas-dormitorios-58314344,https://img10.naventcdn.com/avisos/111/00/58/31/43/44/720x532/211265044.jpg
20,"X.COLEGIO HUMBOLDT 4DOR.+DPTO.A.T.210M2,  Alexander Von Humboldt, Miraflores",210m²Superficie total,320m²Superficie techada,2Estacionamientos,No hay informacion,4Dormitorios,20Antigüedad,No hay informacion,No hay informacion,"S/ 1,826,000",No Mantenience,https://urbania.pe/inmueble/venta-de-casa-en-alexander-von-humboldt-miraflores-4-dormitorios-13478263,https://img10.naventcdn.com/avisos/111/00/13/47/82/63/720x532/201059354.jpg
21," Higuereta, Santiago de Surco",312m²Superficie total,208m²Superficie techada,2Estacionamientos,No hay informacion,3Dormitorios,48Antigüedad,Parques Cercanos ,No hay informacion,"S/ 2,017,800",No Mantenience,https://urbania.pe/inmueble/venta-de-casa-en-higuereta-santiago-de-surco-3-dormitorios-13293493,https://img10.naventcdn.com/avisos/111/00/13/29/34/93/720x532/197180451.jpg
22," San Juan de Lurigancho, Lima",512m²Superficie total,512m²Superficie techada,0Estacionamientos,No hay informacion,8Dormitorios,6Antigüedad,No hay informacion,No hay informacion,"S/ 1,330,000",No Mantenience,https://urbania.pe/inmueble/venta-de-casa-en-san-juan-de-lurigancho-lima-5-a-mas-dormitorios-58317304,https://img10.naventcdn.com/avisos/111/00/58/31/73/04/720x532/211310611.jpg
23,"LA PLANICIE ,  La Molina, Lima",1083m²Superficie total,470m²Superficie techada,3Estacionamientos,No hay informacion,4Dormitorios,A estrenarAntigüedad,No hay informacion,No hay informacion,"S/ 4,718,000",No Mantenience,https://urbania.pe/inmueble/venta-de-casa-en-la-molina-lima-4-dormitorios-57863969,https://img10.naventcdn.com/avisos/111/00/57/86/39/69/720x532/204009574.jpg
24," Huaral, Huaral",1028m²Superficie total,205m²Superficie techada,0Estacionamientos,1Medio baño,4Dormitorios,A estrenarAntigüedad,No hay informacion,No hay informacion,"S/ 720,250",No Mantenience,https://urbania.pe/inmueble/venta-de-casa-en-huaral-huaral-4-dormitorios-58096717,https://img10.naventcdn.com/avisos/111/00/58/09/67/17/720x532/207894500.jpg
25,"Calle Independencia,  Barranco, Lima",229m²Superficie total,220m²Superficie techada,0Estacionamientos,No hay informacion,4Dormitorios,60Antigüedad,No hay informacion,No hay informacion,"S/ 1,494,000",No Mantenience,https://urbania.pe/inmueble/venta-de-casa-en-barranco-lima-4-dormitorios-13241681,https://img10.naventcdn.com/avisos/111/00/13/24/16/81/720x532/195970002.jpg
26,"Avenida Antonio José de Sucre, Mz A18, Lote 14 Urb, José Carlos Mariategui 2da etapa.,  San Gabriel Alto, Villa María del Triunfo",312m²Superficie total,312m²Superficie techada,No hay informacion,No hay informacion,5Dormitorios,25Antigüedad,Parques Cercanos ,No hay informacion,"S/ 498,000",No Mantenience,https://urbania.pe/inmueble/venta-de-casa-en-san-gabriel-alto-villa-maria-del-triunfo-5-a-mas-dormitorios-13386101,https://img10.naventcdn.com/avisos/111/00/13/38/61/01/720x532/199028148.jpg
27,"Calle El Naranjo,  Carabayllo, Lima",1050m²Superficie total,154m²Superficie techada,5Estacionamientos,No hay informacion,2Dormitorios,8Antigüedad,No hay informacion,No hay informacion,"S/ 499,500",No Mantenience,https://urbania.pe/inmueble/venta-de-casa-en-carabayllo-lima-2-dormitorios-58038898,https://img10.naventcdn.com/avisos/111/00/58/03/88/98/720x532/210090048.jpg
28," Los Robles, Carabayllo",200m²Superficie total,120m²Superficie techada,2Estacionamientos,No hay informacion,4Dormitorios,12Antigüedad,No hay informacion,No hay informacion,"S/ 290,700",No Mantenience,https://urbania.pe/inmueble/venta-de-casa-en-los-robles-carabayllo-4-dormitorios-58347126,https://img10.naventcdn.com/avisos/111/00/58/34/71/26/720x532/211780941.jpg
29,"Miguel Cervelli,  Santa Catalina, La Victoria",160m²Superficie total,221m²Superficie techada,2Estacionamientos,No hay informacion,5Dormitorios,A estrenarAntigüedad,No hay informacion,No hay informacion,"S/ 1,659,996",No Mantenience,https://urbania.pe/inmueble/venta-de-casa-en-santa-catalina-la-victoria-5-a-mas-dormitorios-13292294,https://img10.naventcdn.com/avisos/111/00/13/29/22/94/720x532/197152388.jpg
30,"ID 107653 asia cañete,  Asia, Cañete",372m²Superficie total,231m²Superficie techada,4Estacionamientos,No hay informacion,5Dormitorios,A estrenarAntigüedad,No hay informacion,No hay informacion,"S/ 730,400",No Mantenience,https://urbania.pe/inmueble/venta-de-casa-en-asia-canete-5-a-mas-dormitorios-13285581,https://img10.naventcdn.com/avisos/111/00/13/28/55/81/720x532/196986227.jpg
31,"av mateo pumacahua,  Santiago de Surco, Lima",89m²Superficie total,95m²Superficie techada,0Estacionamientos,No hay informacion,4Dormitorios,A estrenarAntigüedad,No hay informacion,No hay informacion,"S/ 332,000",No Mantenience,https://urbania.pe/inmueble/venta-de-casa-en-santiago-de-surco-lima-4-dormitorios-13442448,https://img10.naventcdn.com/avisos/111/00/13/44/24/48/720x532/200320648.jpg
32,"Calle 7 Cuadra 1,  Rinconada Baja, La Molina",2460m²Superficie total,2460m²Superficie techada,5Estacionamientos,No hay informacion,5Dormitorios,15Antigüedad,Parques Cercanos ,No hay informacion,"S/ 15,517,680",No Mantenience,https://urbania.pe/inmueble/venta-de-casa-en-rinconada-baja-la-molina-5-a-mas-dormitorios-13324055,https://img10.naventcdn.com/avisos/111/00/13/32/40/55/720x532/197936013.jpg
33,"Frente a Universidad Católica,  Santa Emma, Lima Cercado",150m²Superficie total,300m²Superficie techada,0Estacionamientos,No hay informacion,5Dormitorios,20Antigüedad,No hay informacion,No hay informacion,"S/ 1,195,200",No Mantenience,https://urbania.pe/inmueble/venta-de-casa-en-santa-emma-lima-cercado-5-a-mas-dormitorios-13476467,https://img10.naventcdn.com/avisos/111/00/13/47/64/67/720x532/200931865.jpg
34,"Los Tulipanes,  San Martín de Porres, Lima",120m²Superficie total,120m²Superficie techada,No hay informacion,No hay informacion,3Dormitorios,5Antigüedad,No hay informacion,No hay informacion,"S/ 303,940",No Mantenience,https://urbania.pe/inmueble/venta-de-casa-en-san-martin-de-porres-lima-3-dormitorios-58104542,https://img10.naventcdn.com/avisos/111/00/58/10/45/42/720x532/208006115.jpg
35,"Jr. Las Agatas,  La Victoria, Lima",120m²Superficie total,120m²Superficie techada,0Estacionamientos,No hay informacion,3Dormitorios,30Antigüedad,No hay informacion,No hay informacion,"S/ 432,900",No Mantenience,https://urbania.pe/inmueble/venta-de-casa-en-la-victoria-lima-3-dormitorios-57928339,https://img10.naventcdn.com/avisos/111/00/57/92/83/39/720x532/205100836.jpg
36,"Jr. El Sol de la Molina,  La Molina, Lima",357m²Superficie total,357m²Superficie techada,3Estacionamientos,No hay informacion,4Dormitorios,35Antigüedad,No hay informacion,No hay informacion,"S/ 1,732,500",No Mantenience,https://urbania.pe/inmueble/venta-de-casa-en-la-molina-lima-4-dormitorios-58233453,https://img10.naventcdn.com/avisos/111/00/58/23/34/53/720x532/210037653.jpg
37,"Av. Rinconada del Lago 4xx,  La Molina, Lima",490m²Superficie total,450m²Superficie techada,3Estacionamientos,No hay informacion,0Dormitorios,2Antigüedad,No hay informacion,No hay informacion,"S/ 3,580,080",No Mantenience,https://urbania.pe/inmueble/venta-de-casa-en-la-molina-lima-58441585,https://img10.naventcdn.com/avisos/111/00/58/44/15/85/720x532/213775056.jpg
38,"calle Manuel Cisnero 1033,  La Victoria, Lima",152m²Superficie total,152m²Superficie techada,0Estacionamientos,No hay informacion,5Dormitorios,55Antigüedad,No hay informacion,No hay informacion,"S/ 653,250",No Mantenience,https://urbania.pe/inmueble/venta-de-casa-en-la-victoria-lima-5-a-mas-dormitorios-58212366,https://img10.naventcdn.com/avisos/111/00/58/21/23/66/720x532/209687244.jpg
39," La Planicie, La Molina",490m²Superficie total,490m²Superficie techada,0Estacionamientos,No hay informacion,4Dormitorios,A estrenarAntigüedad,Parques Cercanos ,No hay informacion,"S/ 2,822,000",No Mantenience,https://urbania.pe/inmueble/venta-de-casa-en-la-planicie-la-molina-4-dormitorios-13236296,https://img10.naventcdn.com/avisos/111/00/13/23/62/96/720x532/195849901.jpg
40," La Molina, Lima",200m²Superficie total,170m²Superficie techada,No hay informacion,1Medio baño,3Dormitorios,17Antigüedad,Parques Cercanos ,No hay informacion,"S/ 1,079,000",No Mantenience,https://urbania.pe/inmueble/venta-de-casa-en-la-molina-lima-3-dormitorios-12432836,https://img10.naventcdn.com/avisos/111/00/12/43/28/36/720x532/179688675.jpg
41,"Av, Circunvalación,  La Cantuta, San Juan de Lurigancho",2565m²Superficie total,900m²Superficie techada,5Estacionamientos,No hay informacion,5Dormitorios,A estrenarAntigüedad,No hay informacion,No hay informacion,"S/ 4,601,520",No Mantenience,https://urbania.pe/inmueble/venta-de-casa-en-la-cantuta-san-juan-de-lurigancho-5-a-mas-dormitorios-13445636,https://img10.naventcdn.com/avisos/111/00/13/44/56/36/720x532/200376157.jpg
42,"PROLONGACION AV. SAN JUAN,  Virgen Del Buen Paso, San Juan de Miraflores",320m²Superficie total,204m²Superficie techada,0Estacionamientos,1Medio baño,5Dormitorios,18Antigüedad,No hay informacion,No hay informacion,"S/ 225,000",No Mantenience,https://urbania.pe/inmueble/venta-de-casa-en-virgen-del-buen-paso-san-juan-de-miraflores-5-a-mas-dormitorios-58345111,https://img10.naventcdn.com/avisos/111/00/58/34/51/11/720x532/211746754.jpg
43,"CALLE BALAREZO, CERCA AL CLUB REGATAS,  Chorrillos, Lima",180m²Superficie total,180m²Superficie techada,2Estacionamientos,No hay informacion,3Dormitorios,8Antigüedad,Parques Cercanos ,No hay informacion,Consultar precio,No Mantenience,https://urbania.pe/inmueble/venta-de-casa-en-chorrillos-lima-3-dormitorios-13509009,https://img10.naventcdn.com/avisos/111/00/13/50/90/09/720x532/201669776.jpg
44," San Martín de Porres, Lima",160m²Superficie total,139m²Superficie techada,No hay informacion,No hay informacion,3Dormitorios,12Antigüedad,No hay informacion,No hay informacion,"S/ 636,500",No Mantenience,https://urbania.pe/inmueble/venta-de-casa-en-san-martin-de-porres-lima-3-dormitorios-57803104,https://img10.naventcdn.com/avisos/111/00/57/80/31/04/720x532/203106819.jpg
45," Pueblo Libre, Lima",370m²Superficie total,240m²Superficie techada,2Estacionamientos,No hay informacion,7Dormitorios,44Antigüedad,No hay informacion,No hay informacion,"S/ 1,225,000",No Mantenience,https://urbania.pe/inmueble/venta-de-casa-en-pueblo-libre-lima-5-a-mas-dormitorios-57999121,https://img10.naventcdn.com/avisos/111/00/57/99/91/21/720x532/206393513.jpg
46," Santiago de Surco, Lima",168m²Superficie total,250m²Superficie techada,2Estacionamientos,No hay informacion,3Dormitorios,A estrenarAntigüedad,No hay informacion,No hay informacion,"S/ 1,427,600",No Mantenience,https://urbania.pe/inmueble/venta-de-casa-en-santiago-de-surco-lima-3-dormitorios-13042537,https://img10.naventcdn.com/avisos/111/00/13/04/25/37/720x532/191605928.jpg
47,"AMPLIA CASA EN VENTA,  Prolongacion Benavides, Santiago de Surco",200m²Superficie total,320m²Superficie techada,2Estacionamientos,No hay informacion,4Dormitorios,30Antigüedad,Parques Cercanos ,No hay informacion,"S/ 2,158,000",No Mantenience,https://urbania.pe/inmueble/venta-de-casa-en-prolongacion-benavides-santiago-de-surco-4-dormitorios-13291930,https://img10.naventcdn.com/avisos/111/00/13/29/19/30/720x532/197144465.jpg
48,"La Planicie,  La Planicie, La Molina",3694m²Superficie total,800m²Superficie techada,5Estacionamientos,No hay informacion,5Dormitorios,A estrenarAntigüedad,Parques Cercanos ,No hay informacion,"S/ 11,952,000",No Mantenience,https://urbania.pe/inmueble/venta-de-casa-en-la-planicie-la-molina-5-a-mas-dormitorios-13510627,https://img10.naventcdn.com/avisos/111/00/13/51/06/27/720x532/201713723.jpg
49," El Remanso, La Molina",385m²Superficie total,200m²Superficie techada,3Estacionamientos,No hay informacion,4Dormitorios,A estrenarAntigüedad,Parques Cercanos ,No hay informacion,"S/ 2,150,000",No Mantenience,https://urbania.pe/inmueble/venta-de-casa-en-el-remanso-la-molina-4-dormitorios-13094955,https://img10.naventcdn.com/avisos/111/00/13/09/49/55/720x532/192745298.jpg
50,"CALLE MONTE BLANCO 321 RINCONADA ALTA, LA MOLINA,  Rinconada Alta, La Molina",1300m²Superficie total,480m²Superficie techada,6Estacionamientos,1Medio baño,6Dormitorios,10Antigüedad,No hay informacion,No hay informacion,"S/ 5,360,000",No Mantenience,https://urbania.pe/inmueble/alquiler-de-casa-en-rinconada-alta-la-molina-5-a-mas-dormitorios-13223788,https://img10.naventcdn.com/avisos/111/00/13/22/37/88/720x532/195577759.jpg
51,"CALLE BALAREZO, CERCA AL CLUB REGATAS,  Chorrillos, Lima",180m²Superficie total,180m²Superficie techada,2Estacionamientos,No hay informacion,3Dormitorios,8Antigüedad,Parques Cercanos ,No hay informacion,Consultar precio,No Mantenience,https://urbania.pe/inmueble/venta-de-casa-en-chorrillos-lima-3-dormitorios-13509009,https://img10.naventcdn.com/avisos/111/00/13/50/90/09/720x532/201669776.jpg
52,"Echeverria al 800,  Lima, Lima",No hay informacion,No hay informacion,0Estacionamientos,1Medio baño,3Dormitorios,A estrenarAntigüedad,No hay informacion,No hay informacion,"S/ 350,000",No Mantenience,https://urbania.pe/inmueble/venta-de-casa-en-lima-lima-3-dormitorios-58278534,https://img10.naventcdn.com/avisos/111/00/58/27/85/34/720x532/210715557.jpg
53," La Planicie, La Molina",650m²Superficie total,1000m²Superficie techada,3Estacionamientos,No hay informacion,4Dormitorios,A estrenarAntigüedad,Parques Cercanos ,No hay informacion,"S/ 5,644,000",No Mantenience,https://urbania.pe/inmueble/venta-de-casa-en-la-planicie-la-molina-4-dormitorios-13236285,https://img10.naventcdn.com/avisos/111/00/13/23/62/85/720x532/195849629.jpg
54," La Molina, Lima",190m²Superficie total,190m²Superficie techada,2Estacionamientos,No hay informacion,3Dormitorios,30Antigüedad,No hay informacion,No hay informacion,"S/ 862,792",No Mantenience,https://urbania.pe/inmueble/venta-de-casa-en-la-molina-lima-3-dormitorios-57863526,https://img10.naventcdn.com/avisos/111/00/57/86/35/26/720x532/204001673.jpg
55," Residencial Monterrico, La Molina",1000m²Superficie total,500m²Superficie techada,5Estacionamientos,No hay informacion,4Dormitorios,18Antigüedad,Parques Cercanos ,No hay informacion,"S/ 3,967,400",No Mantenience,https://urbania.pe/inmueble/venta-de-casa-en-residencial-monterrico-la-molina-4-dormitorios-13124012,https://img10.naventcdn.com/avisos/111/00/13/12/40/12/720x532/193372106.jpg
56,"Pj  Chávez Aguirre Juan, Mz U1 lote29,  Honor Y Lealtad, Santiago de Surco",90m²Superficie total,65m²Superficie techada,No hay informacion,No hay informacion,2Dormitorios,24Antigüedad,No hay informacion,No hay informacion,"S/ 612,000",20,https://urbania.pe/inmueble/venta-de-casa-en-honor-y-lealtad-santiago-de-surco-2-dormitorios-58205498,https://img10.naventcdn.com/avisos/111/00/58/20/54/98/720x532/209795880.jpg
57,"Bartolome Ruiz 244,  Ate Vitarte, Lima",140m²Superficie total,268m²Superficie techada,No hay informacion,No hay informacion,7Dormitorios,20Antigüedad,No hay informacion,No hay informacion,"S/ 957,000",No Mantenience,https://urbania.pe/inmueble/venta-de-casa-en-ate-vitarte-lima-5-a-mas-dormitorios-58027102,https://img10.naventcdn.com/avisos/111/00/58/02/71/02/720x532/206811883.jpg
58,"Prolongacion Ayacucho cuadra 2,  Bartolome Herrera, San Miguel",330m²Superficie total,440m²Superficie techada,5Estacionamientos,No hay informacion,4Dormitorios,40Antigüedad,Parques Cercanos ,No hay informacion,"S/ 1,726,400",No Mantenience,https://urbania.pe/inmueble/venta-de-casa-en-bartolome-herrera-san-miguel-4-dormitorios-13245015,https://img10.naventcdn.com/avisos/111/00/13/24/50/15/720x532/196050586.jpg
59," Villa María del Triunfo, Lima",214m²Superficie total,180m²Superficie techada,0Estacionamientos,No hay informacion,0Dormitorios,10Antigüedad,No hay informacion,No hay informacion,"S/ 322,000",No Mantenience,https://urbania.pe/inmueble/venta-de-casa-en-villa-maria-del-triunfo-lima-58084071,https://img10.naventcdn.com/avisos/111/00/58/08/40/71/720x532/207712662.jpg
60," San Juan de Lurigancho, Lima",190m²Superficie total,190m²Superficie techada,0Estacionamientos,No hay informacion,5Dormitorios,10Antigüedad,No hay informacion,No hay informacion,"S/ 402,500",No Mantenience,https://urbania.pe/inmueble/venta-de-casa-en-san-juan-de-lurigancho-lima-5-a-mas-dormitorios-58317161,https://img10.naventcdn.com/avisos/111/00/58/31/71/61/720x532/211308958.jpg
61,"Tacna 239, Miraflores, Lima,  Miraflores, Lima",377m²Superficie total,377m²Superficie techada,2Estacionamientos,No hay informacion,5Dormitorios,20Antigüedad,No hay informacion,No hay informacion,"S/ 2,145,000",No Mantenience,https://urbania.pe/inmueble/venta-de-casa-en-miraflores-lima-5-a-mas-dormitorios-58105006,https://img10.naventcdn.com/avisos/111/00/58/10/50/06/720x532/208013061.jpg
62," San Borja, Lima",310m²Superficie total,350m²Superficie techada,3Estacionamientos,No hay informacion,5Dormitorios,A estrenarAntigüedad,Parques Cercanos ,No hay informacion,"S/ 2,191,200",No Mantenience,https://urbania.pe/inmueble/venta-de-casa-en-san-borja-lima-5-a-mas-dormitorios-13417220,https://img10.naventcdn.com/avisos/111/00/13/41/72/20/720x532/199645199.jpg
63,"Avenida Los Cedro cuadra 5,  Los Cedros, Chaclacayo",753m²Superficie total,203m²Superficie techada,5Estacionamientos,No hay informacion,3Dormitorios,20Antigüedad,No hay informacion,No hay informacion,"S/ 1,162,000",No Mantenience,https://urbania.pe/inmueble/venta-de-casa-en-los-cedros-chaclacayo-3-dormitorios-13421071,https://img10.naventcdn.com/avisos/111/00/13/42/10/71/720x532/199761421.jpg
64," La Planicie, La Molina",1000m²Superficie total,432m²Superficie techada,4Estacionamientos,No hay informacion,6Dormitorios,18Antigüedad,No hay informacion,No hay informacion,"S/ 2,720,000",No Mantenience,https://urbania.pe/inmueble/venta-de-casa-en-la-planicie-la-molina-5-a-mas-dormitorios-58336191,https://img10.naventcdn.com/avisos/111/00/58/33/61/91/720x532/211599125.jpg
65," Lurín, Lima",1000m²Superficie total,580m²Superficie techada,No hay informacion,No hay informacion,4Dormitorios,4Antigüedad,No hay informacion,No hay informacion,"S/ 1,742,000",No Mantenience,https://urbania.pe/inmueble/venta-de-casa-en-lurin-lima-4-dormitorios-58099069,https://img10.naventcdn.com/avisos/111/00/58/09/90/69/720x532/207926318.jpg
66,"Joaquín Torrico 248 SJM,  San Juan de Miraflores, Lima",160m²Superficie total,164m²Superficie techada,No hay informacion,No hay informacion,4Dormitorios,30Antigüedad,Parques Cercanos ,No hay informacion,"S/ 544,500",No Mantenience,https://urbania.pe/inmueble/venta-de-casa-en-san-juan-de-miraflores-lima-4-dormitorios-13475351,https://img10.naventcdn.com/avisos/111/00/13/47/53/51/720x532/200899518.jpg
67,"RINCONADA ALTA,  La Molina, Lima",616m²Superficie total,367m²Superficie techada,4Estacionamientos,No hay informacion,5Dormitorios,3Antigüedad,Parques Cercanos ,No hay informacion,"S/ 2,822,000",No Mantenience,https://urbania.pe/inmueble/venta-de-casa-en-la-molina-lima-5-a-mas-dormitorios-13197049,https://img10.naventcdn.com/avisos/111/00/13/19/70/49/720x532/194957884.jpg
68," La Molina, Lima",200m²Superficie total,170m²Superficie techada,No hay informacion,1Medio baño,3Dormitorios,17Antigüedad,Parques Cercanos ,No hay informacion,"S/ 1,079,000",No Mantenience,https://urbania.pe/inmueble/venta-de-casa-en-la-molina-lima-3-dormitorios-12432836,https://img10.naventcdn.com/avisos/111/00/12/43/28/36/720x532/179688675.jpg
69,"Condominio Las Terrazas,  Sarapampa, Asia",220m²Superficie total,310m²Superficie techada,2Estacionamientos,No hay informacion,4Dormitorios,1Antigüedad,No hay informacion,No hay informacion,"S/ 1,294,800",No Mantenience,https://urbania.pe/inmueble/venta-de-casa-en-sarapampa-asia-4-dormitorios-13242761,https://img10.naventcdn.com/avisos/111/00/13/24/27/61/720x532/195992958.jpg
70," San Juan de Lurigancho, Lima",No hay informacion,202m²Superficie techada,No hay informacion,No hay informacion,4Dormitorios,35Antigüedad,No hay informacion,No hay informacion,"S/ 726,000",No Mantenience,https://urbania.pe/inmueble/venta-de-casa-en-san-juan-de-lurigancho-lima-4-dormitorios-58174174,https://img10.naventcdn.com/avisos/111/00/58/17/41/74/720x532/209084495.jpg
71,"Valle Hermoso,  Valle Hermoso Oeste, Santiago de Surco",451m²Superficie total,328m²Superficie techada,3Estacionamientos,No hay informacion,4Dormitorios,A estrenarAntigüedad,Parques Cercanos ,No hay informacion,"S/ 2,755,600",No Mantenience,https://urbania.pe/inmueble/venta-de-casa-en-valle-hermoso-oeste-santiago-de-surco-4-dormitorios-12856595,https://img10.naventcdn.com/avisos/111/00/12/85/65/95/720x532/186601770.jpg
72,"Calle EL MONTICULO,  La Molina, Lima",700m²Superficie total,700m²Superficie techada,3Estacionamientos,No hay informacion,3Dormitorios,20Antigüedad,No hay informacion,No hay informacion,"S/ 3,630,000",No Mantenience,https://urbania.pe/inmueble/venta-de-casa-en-la-molina-lima-3-dormitorios-57833687,https://img10.naventcdn.com/avisos/111/00/57/83/36/87/720x532/203576669.jpg
73," Ancón, Lima",97m²Superficie total,67m²Superficie techada,0Estacionamientos,No hay informacion,4Dormitorios,3Antigüedad,No hay informacion,No hay informacion,"S/ 245,000",No Mantenience,https://urbania.pe/inmueble/venta-de-casa-en-ancon-lima-4-dormitorios-58328387,https://img10.naventcdn.com/avisos/111/00/58/32/83/87/720x532/211471051.jpg
74,"VIVIENDA Y NEGOCIO - CASA / A UNA CUADRA DE MERCADO Y LOCALES COMERCIALES,  Santa Luzmila, Comas",220m²Superficie total,136m²Superficie techada,0Estacionamientos,No hay informacion,4Dormitorios,15Antigüedad,No hay informacion,No hay informacion,"S/ 497,668",No Mantenience,https://urbania.pe/inmueble/venta-de-casa-en-santa-luzmila-comas-4-dormitorios-13430940,https://img10.naventcdn.com/avisos/111/00/13/43/09/40/720x532/200083977.jpg
75,"Avenida Guillermo Suárez 3xx,  El Bosque, Rímac",155m²Superficie total,80m²Superficie techada,No hay informacion,No hay informacion,5Dormitorios,40Antigüedad,Parques Cercanos ,No hay informacion,"S/ 531,200",No Mantenience,https://urbania.pe/inmueble/venta-de-casa-en-el-bosque-rimac-5-a-mas-dormitorios-13482027,https://img10.naventcdn.com/avisos/111/00/13/48/20/27/720x532/201089892.jpg
76,"CALLE PARKINSONIAS 300 LA MOLINA juanp,  La Molina Vieja, La Molina",465m²Superficie total,350m²Superficie techada,3Estacionamientos,1Medio baño,3Dormitorios,16Antigüedad,Parques Cercanos ,No hay informacion,"S/ 2,456,800",No Mantenience,https://urbania.pe/inmueble/venta-de-casa-en-la-molina-vieja-la-molina-3-dormitorios-13421909,https://img10.naventcdn.com/avisos/111/00/13/42/19/09/720x532/199784453.jpg
77,"Casuarinas,  Las Casuarinas, Santiago de Surco",1750m²Superficie total,600m²Superficie techada,5Estacionamientos,No hay informacion,4Dormitorios,19Antigüedad,Parques Cercanos ,No hay informacion,"S/ 8,565,600",No Mantenience,https://urbania.pe/inmueble/venta-de-casa-en-las-casuarinas-santiago-de-surco-4-dormitorios-13498146,https://img10.naventcdn.com/avisos/111/00/13/49/81/46/720x532/201425467.jpg
78," Residencial Monterrico, La Molina",1000m²Superficie total,500m²Superficie techada,5Estacionamientos,No hay informacion,4Dormitorios,A estrenarAntigüedad,No hay informacion,No hay informacion,"S/ 5,610,800",No Mantenience,https://urbania.pe/inmueble/venta-de-casa-en-residencial-monterrico-la-molina-4-dormitorios-13173658,https://img10.naventcdn.com/avisos/111/00/13/17/36/58/720x532/194448376.jpg
79,"AV. LAS ARTES NORTE,  San Borja, San Borja",380m²Superficie total,380m²Superficie techada,3Estacionamientos,No hay informacion,5Dormitorios,27Antigüedad,Parques Cercanos ,No hay informacion,"S/ 2,324,000",No Mantenience,https://urbania.pe/inmueble/venta-de-casa-en-san-borja-san-borja-5-a-mas-dormitorios-13169997,https://img10.naventcdn.com/avisos/111/00/13/16/99/97/720x532/194369750.jpg
80," Aurora, Miraflores",430m²Superficie total,330m²Superficie techada,2Estacionamientos,No hay informacion,3Dormitorios,31Antigüedad,Parques Cercanos ,No hay informacion,"S/ 2,191,200",No Mantenience,https://urbania.pe/inmueble/venta-de-casa-en-aurora-miraflores-3-dormitorios-13329288,https://img10.naventcdn.com/avisos/111/00/13/32/92/88/720x532/198050775.jpg
81,"Calle El Horizonte 300,  La Molina, Lima",2000m²Superficie total,800m²Superficie techada,5Estacionamientos,No hay informacion,4Dormitorios,20Antigüedad,No hay informacion,No hay informacion,"S/ 9,240,000",No Mantenience,https://urbania.pe/inmueble/venta-de-casa-en-la-molina-lima-4-dormitorios-58108612,https://img10.naventcdn.com/avisos/111/00/58/10/86/12/720x532/208067771.jpg
82,"jr usandizaga,  Las Begonias, San Borja",307m²Superficie total,228m²Superficie techada,2Estacionamientos,1Medio baño,5Dormitorios,45Antigüedad,No hay informacion,No hay informacion,"S/ 1,298,962",No Mantenience,https://urbania.pe/inmueble/venta-de-casa-en-las-begonias-san-borja-5-a-mas-dormitorios-58355888,https://img10.naventcdn.com/avisos/111/00/58/35/58/88/720x532/211961620.jpg
83,"Gozzoli Norte  100,  Las Artes, San Borja",400m²Superficie total,378m²Superficie techada,2Estacionamientos,No hay informacion,4Dormitorios,30Antigüedad,No hay informacion,No hay informacion,"S/ 2,224,400",No Mantenience,https://urbania.pe/inmueble/venta-de-casa-en-las-artes-san-borja-4-dormitorios-13245992,https://img10.naventcdn.com/avisos/111/00/13/24/59/92/720x532/196074059.jpg
84,"LA MOLINA 1,  La Molina Vieja, La Molina",250m²Superficie total,317m²Superficie techada,0Estacionamientos,No hay informacion,3Dormitorios,A estrenarAntigüedad,No hay informacion,No hay informacion,"S/ 2,556,400",No Mantenience,https://urbania.pe/inmueble/venta-de-casa-en-la-molina-vieja-la-molina-3-dormitorios-13176246,https://img10.naventcdn.com/avisos/111/00/13/17/62/46/720x532/194503721.jpg
85,"Mz O1 Lote 7 A1 Etapa Primera,San Juan de Lurigancho / Rocio Navarro  960348536,  San Juan de Lurigancho, Lima",140m²Superficie total,106m²Superficie techada,2Estacionamientos,No hay informacion,3Dormitorios,10Antigüedad,No hay informacion,No hay informacion,"S/ 432,900",No Mantenience,https://urbania.pe/inmueble/venta-de-casa-en-san-juan-de-lurigancho-lima-3-dormitorios-58100007,https://img10.naventcdn.com/avisos/111/00/58/10/00/07/720x532/207942812.jpg
86,"Alameda Juan Pablo Viscardo y Guzman cuadra 5,  Los Precursores, Santiago de Surco",130m²Superficie total,130m²Superficie techada,0Estacionamientos,1Medio baño,5Dormitorios,15Antigüedad,Parques Cercanos ,No hay informacion,"S/ 962,800",No Mantenience,https://urbania.pe/inmueble/venta-de-casa-en-los-precursores-santiago-de-surco-5-a-mas-dormitorios-13111071,https://img10.naventcdn.com/avisos/111/00/13/11/10/71/720x532/193095467.jpg
87," San Martín de Porres, Lima",No hay informacion,110m²Superficie techada,0Estacionamientos,No hay informacion,2Dormitorios,60Antigüedad,No hay informacion,No hay informacion,"S/ 306,000",No Mantenience,https://urbania.pe/inmueble/venta-de-casa-en-san-martin-de-porres-lima-2-dormitorios-58061558,https://img10.naventcdn.com/avisos/111/00/58/06/15/58/720x532/207354042.jpg
88,"Los condes, portada de la Planicie,  La Molina, Lima",650m²Superficie total,500m²Superficie techada,4Estacionamientos,No hay informacion,5Dormitorios,A estrenarAntigüedad,Parques Cercanos ,No hay informacion,"S/ 2,822,000",No Mantenience,https://urbania.pe/inmueble/venta-de-casa-en-la-molina-lima-5-a-mas-dormitorios-13405125, 
89," Chilca, Cañete",No hay informacion,217m²Superficie techada,No hay informacion,No hay informacion,4Dormitorios,2Antigüedad,No hay informacion,No hay informacion,"S/ 200,400",No Mantenience,https://urbania.pe/inmueble/venta-de-casa-en-chilca-canete-4-dormitorios-58000549,https://img10.naventcdn.com/avisos/111/00/58/00/05/49/720x532/206412620.jpg
90,"Av. Los Proceres,  Rímac, Lima",64m²Superficie total,64m²Superficie techada,0Estacionamientos,No hay informacion,2Dormitorios,40Antigüedad,No hay informacion,No hay informacion,"S/ 286,380",No Mantenience,https://urbania.pe/inmueble/venta-de-casa-en-rimac-lima-2-dormitorios-58065468,https://img10.naventcdn.com/avisos/111/00/58/06/54/68/720x532/207415044.jpg
91," Lima Cercado, Lima",160m²Superficie total,160m²Superficie techada,2Estacionamientos,No hay informacion,3Dormitorios,40Antigüedad,No hay informacion,No hay informacion,"S/ 647,000",No Mantenience,https://urbania.pe/inmueble/venta-de-casa-en-lima-cercado-lima-3-dormitorios-58306793,https://img10.naventcdn.com/avisos/111/00/58/30/67/93/720x532/211148534.jpg
92,"Mz. J Lt. 10,  Ate Vitarte, Lima",159m²Superficie total,159m²Superficie techada,0Estacionamientos,No hay informacion,No hay informacion,17Antigüedad,No hay informacion,No hay informacion,"S/ 310,000",No Mantenience,https://urbania.pe/inmueble/venta-de-casa-en-ate-vitarte-lima-1-dormitorio-58315086,https://img10.naventcdn.com/avisos/111/00/58/31/50/86/720x532/211276698.jpg
93," Santiago de Surco, Lima",220m²Superficie total,220m²Superficie techada,2Estacionamientos,No hay informacion,4Dormitorios,30Antigüedad,No hay informacion,No hay informacion,"S/ 2,065,500",No Mantenience,https://urbania.pe/inmueble/venta-de-casa-en-santiago-de-surco-lima-4-dormitorios-58371596,https://img10.naventcdn.com/avisos/111/00/58/37/15/96/720x532/212240833.jpg
94," Los Olivos, Lima",500m²Superficie total,440m²Superficie techada,0Estacionamientos,No hay informacion,5Dormitorios,25Antigüedad,No hay informacion,No hay informacion,"S/ 650,000",No Mantenience,https://urbania.pe/inmueble/venta-de-casa-en-los-olivos-lima-5-a-mas-dormitorios-58112504,https://img10.naventcdn.com/avisos/111/00/58/11/25/04/720x532/208126959.jpg
95," Santiago de Surco, Lima",No hay informacion,188m²Superficie techada,2Estacionamientos,No hay informacion,4Dormitorios,15Antigüedad,No hay informacion,No hay informacion,"S/ 1,419,000",No Mantenience,https://urbania.pe/inmueble/venta-de-casa-en-santiago-de-surco-lima-4-dormitorios-58009827,https://img10.naventcdn.com/avisos/111/00/58/00/98/27/720x532/206547334.jpg
96," Chocalla, Asia",242m²Superficie total,242m²Superficie techada,2Estacionamientos,No hay informacion,4Dormitorios,4Antigüedad,Parque Interno ,No hay informacion,"S/ 653,250",700,https://urbania.pe/inmueble/venta-de-casa-en-chocalla-asia-4-dormitorios-13258956,https://img10.naventcdn.com/avisos/111/00/13/25/89/56/720x532/196381147.jpg
97," La Encantada De Villa, Chorrillos",1178m²Superficie total,400m²Superficie techada,4Estacionamientos,1Medio baño,4Dormitorios,20Antigüedad,No hay informacion,No hay informacion,"USD 680,000",No Mantenience,https://urbania.pe/inmueble/venta-de-casa-en-la-encantada-de-villa-chorrillos-4-dormitorios-58083919,https://img10.naventcdn.com/avisos/111/00/58/08/39/19/720x532/207709354.jpg
98," Santa Teresa, Santiago de Surco",525m²Superficie total,350m²Superficie techada,0Estacionamientos,No hay informacion,3Dormitorios,23Antigüedad,No hay informacion,No hay informacion,"S/ 3,818,000",No Mantenience,https://urbania.pe/inmueble/venta-de-casa-en-santa-teresa-santiago-de-surco-3-dormitorios-13211680,https://img10.naventcdn.com/avisos/111/00/13/21/16/80/720x532/195290978.jpg
99,"Av. Los Ingenieros 4xx,  Santiago de Surco, Lima",368m²Superficie total,368m²Superficie techada,2Estacionamientos,1Medio baño,3Dormitorios,17Antigüedad,No hay informacion,No hay informacion,"S/ 2,171,000",No Mantenience,https://urbania.pe/inmueble/venta-de-casa-en-santiago-de-surco-lima-3-dormitorios-58438533,https://img10.naventcdn.com/avisos/111/00/58/43/85/33/720x532/213711285.jpg
100," Mariscal Ramon Castilla, San Borja",480m²Superficie total,412m²Superficie techada,3Estacionamientos,No hay informacion,5Dormitorios,35Antigüedad,Parques Cercanos ,No hay informacion,"S/ 3,500,000",No Mantenience,https://urbania.pe/inmueble/venta-de-casa-en-mariscal-ramon-castilla-san-borja-5-a-mas-dormitorios-58274842,https://img10.naventcdn.com/avisos/111/00/58/27/48/42/720x532/210663572.jpg
101," Chosica (Lurigancho), Lima",453m²Superficie total,247m²Superficie techada,0Estacionamientos,No hay informacion,7Dormitorios,37Antigüedad,No hay informacion,No hay informacion,"S/ 898,880",No Mantenience,https://urbania.pe/inmueble/venta-de-casa-en-chosica-lurigancho-lima-5-a-mas-dormitorios-58220156,https://img10.naventcdn.com/avisos/111/00/58/22/01/56/720x532/209814361.jpg
102," Punta Negra, Lima",120m²Superficie total,120m²Superficie techada,0Estacionamientos,No hay informacion,3Dormitorios,5Antigüedad,No hay informacion,No hay informacion,"S/ 293,632",No Mantenience,https://urbania.pe/inmueble/venta-de-casa-en-punta-negra-lima-3-dormitorios-58156134,https://img10.naventcdn.com/avisos/111/00/58/15/61/34/720x532/208785475.jpg
103," San Miguel, Lima",133m²Superficie total,133m²Superficie techada,No hay informacion,No hay informacion,3Dormitorios,40Antigüedad,No hay informacion,No hay informacion,"S/ 837,500",No Mantenience,https://urbania.pe/inmueble/venta-de-casa-en-san-miguel-lima-3-dormitorios-57994658,https://img10.naventcdn.com/avisos/111/00/57/99/46/58/720x532/206355108.jpg
104,"Jr. Lastenia la Riva de Llona,  Breña, Lima",300m²Superficie total,300m²Superficie techada,No hay informacion,No hay informacion,4Dormitorios,41Antigüedad,No hay informacion,No hay informacion,"S/ 765,900",No Mantenience,https://urbania.pe/inmueble/venta-de-casa-en-brena-lima-4-dormitorios-57867831,https://img10.naventcdn.com/avisos/111/00/57/86/78/31/720x532/204068695.jpg
105,"PASAJE SANTIAGO,  Jesús María, Lima",100m²Superficie total,85m²Superficie techada,0Estacionamientos,No hay informacion,2Dormitorios,53Antigüedad,Parques Cercanos ,No hay informacion,"S/ 448,200",No Mantenience,https://urbania.pe/inmueble/venta-de-casa-en-jesus-maria-lima-2-dormitorios-13426462,https://img10.naventcdn.com/avisos/111/00/13/42/64/62/720x532/199937856.jpg
106,"paj. Mateo Pumacahua  181 Av. Universitaria con Av. Micaela Urb. San Agustin,  San Agustin, Comas",180m²Superficie total,120m²Superficie techada,0Estacionamientos,No hay informacion,5Dormitorios,20Antigüedad,No hay informacion,No hay informacion,"S/ 388,000",No Mantenience,https://urbania.pe/inmueble/venta-de-casa-en-san-agustin-comas-5-a-mas-dormitorios-13396597,https://img10.naventcdn.com/avisos/111/00/13/39/65/97/720x532/199247736.jpg
107,"Altura Km. 42 de la Carretera Central , Ricardo Palma, Huarochirí.,  Santa Ana, Ricardo Palma",9771m²Superficie total,500m²Superficie techada,5Estacionamientos,No hay informacion,5Dormitorios,2Antigüedad,Parques Cercanos ,No hay informacion,"S/ 3,984,000",No Mantenience,https://urbania.pe/inmueble/venta-de-casa-en-santa-ana-ricardo-palma-5-a-mas-dormitorios-13280151,https://img10.naventcdn.com/avisos/111/00/13/28/01/51/720x532/196857436.jpg
108,"Javier Prado Oeste al 500,  Lima, Lima",No hay informacion,No hay informacion,No hay informacion,No hay informacion,3Dormitorios,A estrenarAntigüedad,No hay informacion,No hay informacion,"S/ 600,000",No Mantenience,https://urbania.pe/inmueble/venta-de-casa-en-lima-lima-3-dormitorios-58061735,https://img10.naventcdn.com/avisos/111/00/58/06/17/35/720x532/207516940.jpg
109," Puente Piedra, Lima",153m²Superficie total,180m²Superficie techada,0Estacionamientos,No hay informacion,6Dormitorios,15Antigüedad,No hay informacion,No hay informacion,"S/ 422,400",No Mantenience,https://urbania.pe/inmueble/venta-de-casa-en-puente-piedra-lima-5-a-mas-dormitorios-58340301,https://img10.naventcdn.com/avisos/111/00/58/34/03/01/720x532/211671199.jpg
110,"Calle Pedro Dávalos ,  Lima Cercado, Lima",400m²Superficie total,399m²Superficie techada,0Estacionamientos,1Medio baño,9Dormitorios,25Antigüedad,No hay informacion,No hay informacion,"S/ 1,005,000",No Mantenience,https://urbania.pe/inmueble/venta-de-casa-en-lima-cercado-lima-5-a-mas-dormitorios-58175884,https://img10.naventcdn.com/avisos/111/00/58/17/58/84/720x532/209108940.jpg
111," Carabayllo, Lima",120m²Superficie total,120m²Superficie techada,0Estacionamientos,No hay informacion,3Dormitorios,12Antigüedad,Parques Cercanos ,No hay informacion,"S/ 310,500",No Mantenience,https://urbania.pe/inmueble/venta-de-casa-en-carabayllo-lima-3-dormitorios-57819675,https://img10.naventcdn.com/avisos/111/00/57/81/96/75/720x532/203370545.jpg
112,"La Fragata La Molina,  Las Lagunas De La Molina, La Molina",1135m²Superficie total,420m²Superficie techada,5Estacionamientos,No hay informacion,5Dormitorios,A estrenarAntigüedad,Parques Cercanos ,No hay informacion,"S/ 3,735,000",620,https://urbania.pe/inmueble/venta-de-casa-en-las-lagunas-de-la-molina-la-molina-5-a-mas-dormitorios-13132769,https://img10.naventcdn.com/avisos/111/00/13/13/27/69/720x532/193562545.jpg
113,"Los Aperos 345 ,  El Remanso, La Molina",492m²Superficie total,320m²Superficie techada,3Estacionamientos,No hay informacion,5Dormitorios,30Antigüedad,Parques Cercanos ,No hay informacion,"S/ 1,826,000",No Mantenience,https://urbania.pe/inmueble/venta-de-casa-en-el-remanso-la-molina-5-a-mas-dormitorios-13486508,https://img10.naventcdn.com/avisos/111/00/13/48/65/08/720x532/201193302.jpg
114," San Isidro, Lima",No hay informacion,378m²Superficie techada,2Estacionamientos,1Medio baño,7Dormitorios,29Antigüedad,No hay informacion,No hay informacion,"S/ 3,774,000",No Mantenience,https://urbania.pe/inmueble/venta-de-casa-en-san-isidro-lima-5-a-mas-dormitorios-58057380,https://img10.naventcdn.com/avisos/111/00/58/05/73/80/720x532/207289439.jpg
115,"Calle WANCHUY 345,  San Juan de Lurigancho, Lima",230m²Superficie total,230m²Superficie techada,No hay informacion,No hay informacion,5Dormitorios,A estrenarAntigüedad,Parques Cercanos ,No hay informacion,"S/ 531,840",No Mantenience,https://urbania.pe/inmueble/venta-de-casa-en-san-juan-de-lurigancho-lima-5-a-mas-dormitorios-13470525,https://img10.naventcdn.com/avisos/111/00/13/47/05/25/720x532/200804916.jpg
116,"RINCONADA DEL LAGO,  Rinconada Del Lago, La Molina",490m²Superficie total,450m²Superficie techada,3Estacionamientos,No hay informacion,4Dormitorios,A estrenarAntigüedad,No hay informacion,No hay informacion,"S/ 3,652,000",No Mantenience,https://urbania.pe/inmueble/venta-de-casa-en-rinconada-del-lago-la-molina-4-dormitorios-12843226,https://img10.naventcdn.com/avisos/111/00/12/84/32/26/720x532/191793413.jpg
117,"Calle Porras Osores 450,  San Isidro, Lima",900m²Superficie total,640m²Superficie techada,6Estacionamientos,1Medio baño,5Dormitorios,49Antigüedad,Parques Cercanos ,No hay informacion,Consultar precio,No Mantenience,https://urbania.pe/inmueble/venta-de-casa-en-san-isidro-lima-5-a-mas-dormitorios-13473109,https://img10.naventcdn.com/avisos/111/00/13/47/31/09/720x532/200860179.jpg
118," San Martín de Porres, Lima",156m²Superficie total,156m²Superficie techada,0Estacionamientos,No hay informacion,3Dormitorios,30Antigüedad,No hay informacion,No hay informacion,"S/ 717,500",No Mantenience,https://urbania.pe/inmueble/venta-de-casa-en-san-martin-de-porres-lima-3-dormitorios-57916914,https://img10.naventcdn.com/avisos/111/00/57/91/69/14/720x532/204913994.jpg
119,"Av. San Juan,  Carabayllo, Lima",75m²Superficie total,75m²Superficie techada,0Estacionamientos,No hay informacion,4Dormitorios,7Antigüedad,Parques Cercanos ,No hay informacion,"S/ 140,000",No Mantenience,https://urbania.pe/inmueble/venta-de-casa-en-carabayllo-lima-4-dormitorios-13334363,https://img10.naventcdn.com/avisos/111/00/13/33/43/63/720x532/206256096.jpg
120,"Las Palmeras,  Las Palmeras, La Molina",160m²Superficie total,222m²Superficie techada,No hay informacion,No hay informacion,3Dormitorios,A estrenarAntigüedad,Parques Cercanos ,No hay informacion,"S/ 1,079,000",No Mantenience,https://urbania.pe/inmueble/venta-de-casa-en-las-palmeras-la-molina-3-dormitorios-13045211,https://img10.naventcdn.com/avisos/111/00/13/04/52/11/720x532/191700018.jpg
121,"CALLE PREISING,  San Borja, Lima",852m²Superficie total,852m²Superficie techada,6Estacionamientos,No hay informacion,5Dormitorios,5Antigüedad,Parques Cercanos ,No hay informacion,"S/ 3,500,000",No Mantenience,https://urbania.pe/inmueble/venta-de-casa-en-san-borja-lima-5-a-mas-dormitorios-13431132,https://img10.naventcdn.com/avisos/111/00/13/43/11/32/720x532/200087055.jpg
122," San Antonio, Carabayllo",121m²Superficie total,100m²Superficie techada,No hay informacion,1Medio baño,2Dormitorios,2Antigüedad,No hay informacion,No hay informacion,"S/ 290,700",No Mantenience,https://urbania.pe/inmueble/venta-de-casa-en-san-antonio-carabayllo-2-dormitorios-58345189,https://img10.naventcdn.com/avisos/111/00/58/34/51/89/720x532/211747947.jpg
123," Barranco, Lima",348m²Superficie total,410m²Superficie techada,2Estacionamientos,No hay informacion,4Dormitorios,25Antigüedad,No hay informacion,No hay informacion,"USD 750,000",No Mantenience,https://urbania.pe/inmueble/venta-de-casa-en-barranco-lima-4-dormitorios-58204184,https://img10.naventcdn.com/avisos/111/00/58/20/41/84/720x532/209555759.jpg
124," Santiago de Surco, Lima",No hay informacion,188m²Superficie techada,2Estacionamientos,No hay informacion,4Dormitorios,15Antigüedad,No hay informacion,No hay informacion,"S/ 1,419,000",No Mantenience,https://urbania.pe/inmueble/venta-de-casa-en-santiago-de-surco-lima-4-dormitorios-58009827,https://img10.naventcdn.com/avisos/111/00/58/00/98/27/720x532/206547334.jpg
125,"Villa Club,  Carabayllo, Lima",76m²Superficie total,74m²Superficie techada,No hay informacion,No hay informacion,3Dormitorios,4Antigüedad,No hay informacion,No hay informacion,"S/ 216,117",No Mantenience,https://urbania.pe/inmueble/venta-de-casa-en-carabayllo-lima-3-dormitorios-58060903,https://img10.naventcdn.com/avisos/111/00/58/06/09/03/720x532/207344762.jpg
126,"Av. Jorge chavez,  Santiago de Surco, Lima",196m²Superficie total,196m²Superficie techada,No hay informacion,No hay informacion,No hay informacion,53Antigüedad,No hay informacion,No hay informacion,"S/ 685,000",No Mantenience,https://urbania.pe/inmueble/venta-de-casa-en-santiago-de-surco-lima-1-dormitorio-58071892,https://img10.naventcdn.com/avisos/111/00/58/07/18/92/720x532/207515389.jpg
127," Santiago de Surco, Lima",No hay informacion,188m²Superficie techada,2Estacionamientos,No hay informacion,4Dormitorios,15Antigüedad,No hay informacion,No hay informacion,"S/ 1,419,000",No Mantenience,https://urbania.pe/inmueble/venta-de-casa-en-santiago-de-surco-lima-4-dormitorios-58009827,https://img10.naventcdn.com/avisos/111/00/58/00/98/27/720x532/206547334.jpg
128,"Jr. Genaro Numa,  San Juan de Miraflores, Lima",300m²Superficie total,300m²Superficie techada,No hay informacion,No hay informacion,6Dormitorios,30Antigüedad,No hay informacion,No hay informacion,"S/ 592,740",No Mantenience,https://urbania.pe/inmueble/venta-de-casa-en-san-juan-de-miraflores-lima-5-a-mas-dormitorios-58096941,https://img10.naventcdn.com/avisos/111/00/58/09/69/41/720x532/207898315.jpg
129," Callao, Lima",67m²Superficie total,64m²Superficie techada,0Estacionamientos,No hay informacion,0Dormitorios,89Antigüedad,No hay informacion,No hay informacion,"S/ 131,500",No Mantenience,https://urbania.pe/inmueble/venta-de-casa-en-callao-lima-58193128,https://img10.naventcdn.com/avisos/111/00/58/19/31/28/720x532/209381630.jpg
130," Ate Vitarte, Lima",160m²Superficie total,160m²Superficie techada,0Estacionamientos,No hay informacion,3Dormitorios,25Antigüedad,No hay informacion,No hay informacion,"S/ 993,270",No Mantenience,https://urbania.pe/inmueble/venta-de-casa-en-ate-vitarte-lima-3-dormitorios-58132789,https://img10.naventcdn.com/avisos/111/00/58/13/27/89/720x532/208453838.jpg
131,"Echeverria al 800,  Lima, Lima",No hay informacion,No hay informacion,0Estacionamientos,1Medio baño,3Dormitorios,A estrenarAntigüedad,No hay informacion,No hay informacion,"S/ 350,000",No Mantenience,https://urbania.pe/inmueble/venta-de-casa-en-lima-lima-3-dormitorios-58278533,https://img10.naventcdn.com/avisos/111/00/58/27/85/33/720x532/210715556.jpg
132,"Jr. Prolongación Ayacucho,  San Miguel, Lima",188m²Superficie total,188m²Superficie techada,No hay informacion,No hay informacion,4Dormitorios,30Antigüedad,Parques Cercanos ,No hay informacion,"S/ 1,120,000",No Mantenience,https://urbania.pe/inmueble/venta-de-casa-en-san-miguel-lima-4-dormitorios-58252888,https://img10.naventcdn.com/avisos/111/00/58/25/28/88/720x532/210349275.jpg
133," El Pinar, Comas",214m²Superficie total,197m²Superficie techada,3Estacionamientos,No hay informacion,5Dormitorios,27Antigüedad,No hay informacion,No hay informacion,"S/ 530,100",No Mantenience,https://urbania.pe/inmueble/venta-de-casa-en-el-pinar-comas-5-a-mas-dormitorios-58346056,https://img10.naventcdn.com/avisos/111/00/58/34/60/56/720x532/211762365.jpg
134,"Calle Acapulco 841,  El Sol De La Molina, La Molina",511m²Superficie total,470m²Superficie techada,0Estacionamientos,No hay informacion,5Dormitorios,A estrenarAntigüedad,No hay informacion,No hay informacion,"S/ 2,307,400",No Mantenience,https://urbania.pe/inmueble/venta-de-casa-en-el-sol-de-la-molina-la-molina-5-a-mas-dormitorios-13332654,https://img10.naventcdn.com/avisos/111/00/13/33/26/54/720x532/198127027.jpg
135," Surco, Santiago de Surco",293m²Superficie total,183m²Superficie techada,No hay informacion,1Medio baño,No hay informacion,40Antigüedad,No hay informacion,No hay informacion,"S/ 1,350,000",No Mantenience,https://urbania.pe/inmueble/venta-de-casa-en-surco-santiago-de-surco-1-dormitorio-58321835,https://img10.naventcdn.com/avisos/111/00/58/32/18/35/720x532/211378096.jpg
136," Huacho, Huaura",255m²Superficie total,255m²Superficie techada,0Estacionamientos,No hay informacion,4Dormitorios,2Antigüedad,No hay informacion,No hay informacion,"S/ 662,000",No Mantenience,https://urbania.pe/inmueble/venta-de-casa-en-huacho-huaura-4-dormitorios-58470148,https://img10.naventcdn.com/avisos/111/00/58/47/01/48/720x532/214240163.jpg
137," La Planicie, La Molina",600m²Superficie total,420m²Superficie techada,4Estacionamientos,No hay informacion,3Dormitorios,5Antigüedad,Parques Cercanos ,No hay informacion,"S/ 2,888,400",No Mantenience,https://urbania.pe/inmueble/venta-de-casa-en-la-planicie-la-molina-3-dormitorios-12899726,https://img10.naventcdn.com/avisos/111/00/12/89/97/26/720x532/187798968.jpg
138," Santa Catalina, La Victoria",320m²Superficie total,320m²Superficie techada,2Estacionamientos,1Medio baño,6Dormitorios,30Antigüedad,No hay informacion,No hay informacion,"S/ 1,530,000",No Mantenience,https://urbania.pe/inmueble/venta-de-casa-en-santa-catalina-la-victoria-5-a-mas-dormitorios-58249962,https://img10.naventcdn.com/avisos/111/00/58/24/99/62/720x532/210306828.jpg
139,"Urb. LA Aurora,  Lima, Lima",No hay informacion,No hay informacion,No hay informacion,No hay informacion,4Dormitorios,40Antigüedad,No hay informacion,No hay informacion,"S/ 3,024,000",No Mantenience,https://urbania.pe/inmueble/venta-de-casa-en-lima-lima-4-dormitorios-58219739,https://img10.naventcdn.com/avisos/111/00/58/21/97/39/720x532/209808474.jpg
140,"Las Dalias 4,  Santiago de Surco, Lima",258m²Superficie total,220m²Superficie techada,2Estacionamientos,No hay informacion,4Dormitorios,36Antigüedad,Parques Cercanos ,No hay informacion,"S/ 1,593,600",120,https://urbania.pe/inmueble/venta-de-casa-en-santiago-de-surco-lima-4-dormitorios-13379902,https://img10.naventcdn.com/avisos/111/00/13/37/99/02/720x532/198904741.jpg
141," La Planicie, La Molina",1311m²Superficie total,1119m²Superficie techada,5Estacionamientos,No hay informacion,5Dormitorios,A estrenarAntigüedad,No hay informacion,No hay informacion,"S/ 8,266,800",No Mantenience,https://urbania.pe/inmueble/venta-de-casa-en-la-planicie-la-molina-5-a-mas-dormitorios-13484146,https://img10.naventcdn.com/avisos/111/00/13/48/41/46/720x532/201131054.jpg
142,"Doña Consuelo,  Los Rosales, Santiago de Surco",313m²Superficie total,280m²Superficie techada,3Estacionamientos,1Medio baño,6Dormitorios,21Antigüedad,No hay informacion,No hay informacion,"S/ 1,826,000",No Mantenience,https://urbania.pe/inmueble/venta-de-casa-en-los-rosales-santiago-de-surco-5-a-mas-dormitorios-58366991,https://img10.naventcdn.com/avisos/111/00/58/36/69/91/720x532/212158839.jpg
143," Pulpos, Lurín",220m²Superficie total,200m²Superficie techada,3Estacionamientos,No hay informacion,5Dormitorios,A estrenarAntigüedad,No hay informacion,No hay informacion,"S/ 730,400",No Mantenience,https://urbania.pe/inmueble/venta-de-casa-en-pulpos-lurin-5-a-mas-dormitorios-13178880,https://img10.naventcdn.com/avisos/111/00/13/17/88/80/720x532/194553870.jpg
144," Lurín, Lima",143m²Superficie total,143m²Superficie techada,0Estacionamientos,1Medio baño,4Dormitorios,1Antigüedad,No hay informacion,No hay informacion,"S/ 737,000",No Mantenience,https://urbania.pe/inmueble/venta-de-casa-en-lurin-lima-4-dormitorios-58071416,https://img10.naventcdn.com/avisos/111/00/58/07/14/16/720x532/207510231.jpg
145,"la planicie,  La Planicie, La Molina",825m²Superficie total,630m²Superficie techada,3Estacionamientos,No hay informacion,4Dormitorios,A estrenarAntigüedad,Parques Cercanos ,No hay informacion,"S/ 2,850,000",No Mantenience,https://urbania.pe/inmueble/venta-de-casa-en-la-planicie-la-molina-4-dormitorios-13469735,https://img10.naventcdn.com/avisos/111/00/13/46/97/35/720x532/200791774.jpg
146," La Molina, Lima",326m²Superficie total,343m²Superficie techada,2Estacionamientos,No hay informacion,4Dormitorios,A estrenarAntigüedad,No hay informacion,No hay informacion,"S/ 1,593,600",No Mantenience,https://urbania.pe/inmueble/venta-de-casa-en-la-molina-lima-4-dormitorios-13210092,https://img10.naventcdn.com/avisos/111/00/13/21/00/92/720x532/195253275.jpg
147,"Jr. Cesar Vallejo,  Los Olivos, Lima",360m²Superficie total,360m²Superficie techada,No hay informacion,No hay informacion,10Dormitorios,30Antigüedad,No hay informacion,No hay informacion,"S/ 1,065,600",No Mantenience,https://urbania.pe/inmueble/venta-de-casa-en-los-olivos-lima-5-a-mas-dormitorios-58060995,https://img10.naventcdn.com/avisos/111/00/58/06/09/95/720x532/207345686.jpg
148,"Av. La Marina,  Pueblo Libre, Lima",228m²Superficie total,228m²Superficie techada,0Estacionamientos,No hay informacion,5Dormitorios,35Antigüedad,No hay informacion,No hay informacion,"S/ 759,240",No Mantenience,https://urbania.pe/inmueble/venta-de-casa-en-pueblo-libre-lima-5-a-mas-dormitorios-57984059,https://img10.naventcdn.com/avisos/111/00/57/98/40/59/720x532/206152766.jpg
149,"ibiza, la molina,  El Sol De La Molina, La Molina",300m²Superficie total,280m²Superficie techada,3Estacionamientos,No hay informacion,3Dormitorios,10Antigüedad,Parques Cercanos ,No hay informacion,"S/ 1,709,800",80,https://urbania.pe/inmueble/venta-de-casa-en-el-sol-de-la-molina-la-molina-3-dormitorios-13166870,https://img10.naventcdn.com/avisos/111/00/13/16/68/70/720x532/200338027.jpg
150,"ARBOLEDA,  La Molina, Lima",316m²Superficie total,180m²Superficie techada,2Estacionamientos,No hay informacion,3Dormitorios,A estrenarAntigüedad,No hay informacion,No hay informacion,"S/ 1,786,100",No Mantenience,https://urbania.pe/inmueble/venta-de-casa-en-la-molina-lima-3-dormitorios-57985178,https://img10.naventcdn.com/avisos/111/00/57/98/51/78/720x532/206169190.jpg
151," Santiago de Surco, Lima",325m²Superficie total,325m²Superficie techada,2Estacionamientos,1Medio baño,4Dormitorios,30Antigüedad,No hay informacion,No hay informacion,"S/ 1,758,750",No Mantenience,https://urbania.pe/inmueble/venta-de-casa-en-santiago-de-surco-lima-4-dormitorios-58108304,https://img10.naventcdn.com/avisos/111/00/58/10/83/04/720x532/208062928.jpg
152," La Molina, Lima",648m²Superficie total,121m²Superficie techada,4Estacionamientos,1Medio baño,2Dormitorios,50Antigüedad,No hay informacion,No hay informacion,"S/ 1,310,100",No Mantenience,https://urbania.pe/inmueble/venta-de-casa-en-la-molina-lima-2-dormitorios-58001796,https://img10.naventcdn.com/avisos/111/00/58/00/17/96/720x532/206429235.jpg
153,"Condominio Portal de Santa María,  Carabayllo, Lima",75m²Superficie total,75m²Superficie techada,No hay informacion,No hay informacion,4Dormitorios,5Antigüedad,No hay informacion,No hay informacion,"S/ 142,000",No Mantenience,https://urbania.pe/inmueble/venta-de-casa-en-carabayllo-lima-4-dormitorios-13507453,https://img10.naventcdn.com/avisos/111/00/13/50/74/53/720x532/207450056.jpg
154," San Martín de Porres, Lima",214m²Superficie total,214m²Superficie techada,No hay informacion,No hay informacion,4Dormitorios,A estrenarAntigüedad,No hay informacion,No hay informacion,"S/ 650,000",No Mantenience,https://urbania.pe/inmueble/venta-de-casa-en-san-martin-de-porres-lima-4-dormitorios-13429693,https://img10.naventcdn.com/avisos/111/00/13/42/96/93/720x532/200043870.jpg
155,"TUPAC AMARU 232,  Huacho, Huacho",175m²Superficie total,171m²Superficie techada,0Estacionamientos,No hay informacion,4Dormitorios,45Antigüedad,No hay informacion,No hay informacion,"S/ 584,000",No Mantenience,https://urbania.pe/inmueble/venta-de-casa-en-huacho-huacho-4-dormitorios-58388922,https://img10.naventcdn.com/avisos/111/00/58/38/89/22/720x532/212630115.jpg
156," Maranga, San Miguel",164m²Superficie total,164m²Superficie techada,2Estacionamientos,No hay informacion,7Dormitorios,50Antigüedad,No hay informacion,No hay informacion,"S/ 1,020,000",No Mantenience,https://urbania.pe/inmueble/venta-de-casa-en-maranga-san-miguel-5-a-mas-dormitorios-58427406,https://img10.naventcdn.com/avisos/111/00/58/42/74/06/720x532/213524159.jpg
157,"ASIA BONITA VISTA AL MAR Cerca al boulevard condominio cerrado con piscinas,  Asia, Cañete",184m²Superficie total,184m²Superficie techada,2Estacionamientos,No hay informacion,3Dormitorios,A estrenarAntigüedad,No hay informacion,No hay informacion,"S/ 657,360",No Mantenience,https://urbania.pe/inmueble/venta-de-casa-en-asia-canete-3-dormitorios-13423817,https://img10.naventcdn.com/avisos/111/00/13/42/38/17/720x532/199848733.jpg
158,"SOL DE LA MOLINA,  El Sol De La Molina, La Molina",364m²Superficie total,364m²Superficie techada,0Estacionamientos,No hay informacion,4Dormitorios,A estrenarAntigüedad,Parques Cercanos ,No hay informacion,"S/ 2,224,400",No Mantenience,https://urbania.pe/inmueble/venta-de-casa-en-el-sol-de-la-molina-la-molina-4-dormitorios-13176954,https://img10.naventcdn.com/avisos/111/00/13/17/69/54/720x532/197340196.jpg
159,"SECTOR 3 GRUPO 23 MZ.P LOTE 12,  Sc.3 Gr.23, Villa el Salvador",140m²Superficie total,100m²Superficie techada,0Estacionamientos,No hay informacion,3Dormitorios,A estrenarAntigüedad,No hay informacion,No hay informacion,"S/ 365,200",No Mantenience,https://urbania.pe/inmueble/venta-de-casa-en-sc3-gr23-villa-el-salvador-3-dormitorios-13331933,https://img10.naventcdn.com/avisos/111/00/13/33/19/33/720x532/198111187.jpg
160,"Urb el reducto,  San Antonio, Miraflores",420m²Superficie total,235m²Superficie techada,2Estacionamientos,No hay informacion,5Dormitorios,9Antigüedad,Parques Cercanos ,No hay informacion,"S/ 2,822,000",No Mantenience,https://urbania.pe/inmueble/venta-de-casa-en-san-antonio-miraflores-5-a-mas-dormitorios-13326052,https://img10.naventcdn.com/avisos/111/00/13/32/60/52/720x532/197979702.jpg
161," Surquillo, Lima",277m²Superficie total,200m²Superficie techada,No hay informacion,No hay informacion,5Dormitorios,46Antigüedad,No hay informacion,No hay informacion,"S/ 1,406,140",No Mantenience,https://urbania.pe/inmueble/venta-de-casa-en-surquillo-lima-5-a-mas-dormitorios-57985604,https://img10.naventcdn.com/avisos/111/00/57/98/56/04/720x532/206177100.jpg
162,"CALLE AGRARIO,  La Molina, Lima",90m²Superficie total,160m²Superficie techada,0Estacionamientos,No hay informacion,5Dormitorios,5Antigüedad,No hay informacion,No hay informacion,"S/ 841,500",No Mantenience,https://urbania.pe/inmueble/venta-de-casa-en-la-molina-lima-5-a-mas-dormitorios-13417185,https://img10.naventcdn.com/avisos/111/00/13/41/71/85/720x532/201431725.jpg
163,"Calle Hassinger,  Coricancha, San Borja",467m²Superficie total,320m²Superficie techada,2Estacionamientos,No hay informacion,3Dormitorios,25Antigüedad,Parques Cercanos ,No hay informacion,"S/ 2,158,000",No Mantenience,https://urbania.pe/inmueble/venta-de-casa-en-coricancha-san-borja-3-dormitorios-13424894,https://img10.naventcdn.com/avisos/111/00/13/42/48/94/720x532/199888301.jpg
164," Av. El Comercio 302, Sayán, Huaura ,  Cercado De Sayan, Sayan",272m²Superficie total,170m²Superficie techada,0Estacionamientos,1Medio baño,3Dormitorios,9Antigüedad,No hay informacion,No hay informacion,"S/ 341,960",No Mantenience,https://urbania.pe/inmueble/venta-de-casa-en-cercado-de-sayan-sayan-3-dormitorios-13424805,https://img10.naventcdn.com/avisos/111/00/13/42/48/05/720x532/199886447.jpg
165,"LAS LAGUNAS,  Las Lagunas De La Molina, La Molina",1350m²Superficie total,500m²Superficie techada,5Estacionamientos,No hay informacion,5Dormitorios,A estrenarAntigüedad,Parques Cercanos ,No hay informacion,"S/ 6,142,000",No Mantenience,https://urbania.pe/inmueble/venta-de-casa-en-las-lagunas-de-la-molina-la-molina-5-a-mas-dormitorios-12666282,https://img10.naventcdn.com/avisos/111/00/12/66/62/82/720x532/182554495.jpg
166,"AV. los ingenieros 863 LA MOLINA,  La Molina, Lima",727m²Superficie total,460m²Superficie techada,2Estacionamientos,No hay informacion,4Dormitorios,25Antigüedad,No hay informacion,No hay informacion,"S/ 1,938,000",No Mantenience,https://urbania.pe/inmueble/venta-de-casa-en-la-molina-lima-4-dormitorios-58253339,https://img10.naventcdn.com/avisos/111/00/58/25/33/39/720x532/210356271.jpg
167," Santiago de Surco, Lima",450m²Superficie total,450m²Superficie techada,2Estacionamientos,No hay informacion,4Dormitorios,1Antigüedad,No hay informacion,No hay informacion,"S/ 2,299,050",No Mantenience,https://urbania.pe/inmueble/venta-de-casa-en-santiago-de-surco-lima-4-dormitorios-58253362,https://img10.naventcdn.com/avisos/111/00/58/25/33/62/720x532/210357139.jpg
168," Cieneguilla, Lima",1024m²Superficie total,275m²Superficie techada,3Estacionamientos,No hay informacion,5Dormitorios,5Antigüedad,No hay informacion,No hay informacion,"USD 165,000",90,https://urbania.pe/inmueble/venta-de-casa-en-cieneguilla-lima-5-a-mas-dormitorios-13293251,https://img10.naventcdn.com/avisos/111/00/13/29/32/51/720x532/207710875.jpg
169," Miraflores, Lima",327m²Superficie total,122m²Superficie techada,0Estacionamientos,No hay informacion,9Dormitorios,10Antigüedad,Parque Interno ,No hay informacion,"S/ 2,177,500",No Mantenience,https://urbania.pe/inmueble/venta-de-casa-en-miraflores-lima-5-a-mas-dormitorios-58143064,https://img10.naventcdn.com/avisos/111/00/58/14/30/64/720x532/208609343.jpg
170," Salamanca De Monterrico, Ate Vitarte",254m²Superficie total,196m²Superficie techada,No hay informacion,No hay informacion,4Dormitorios,A estrenarAntigüedad,Parques Cercanos ,No hay informacion,"S/ 1,060,820",No Mantenience,https://urbania.pe/inmueble/venta-de-casa-en-salamanca-de-monterrico-ate-vitarte-4-dormitorios-13387477,https://img10.naventcdn.com/avisos/111/00/13/38/74/77/720x532/199056343.jpg
171," La Molina, Lima",1000m²Superficie total,500m²Superficie techada,5Estacionamientos,No hay informacion,4Dormitorios,18Antigüedad,No hay informacion,No hay informacion,"S/ 5,098,780",No Mantenience,https://urbania.pe/inmueble/venta-de-casa-en-la-molina-lima-4-dormitorios-58195712,https://img10.naventcdn.com/avisos/111/00/58/19/57/12/720x532/209420865.jpg
172," Pucusana, Lima",680m²Superficie total,650m²Superficie techada,5Estacionamientos,No hay informacion,5Dormitorios,2Antigüedad,No hay informacion,No hay informacion,"S/ 3,253,600",No Mantenience,https://urbania.pe/inmueble/venta-de-casa-en-pucusana-lima-5-a-mas-dormitorios-13481052,https://img10.naventcdn.com/avisos/111/00/13/48/10/52/720x532/201058872.jpg
173,"Segunda Etapa,  Cieneguilla, Lima",1500m²Superficie total,280m²Superficie techada,5Estacionamientos,No hay informacion,5Dormitorios,10Antigüedad,No hay informacion,No hay informacion,"S/ 2,274,200",No Mantenience,https://urbania.pe/inmueble/venta-de-casa-en-cieneguilla-lima-5-a-mas-dormitorios-13325585,https://img10.naventcdn.com/avisos/111/00/13/32/55/85/720x532/197970093.jpg
174,"urb el rosal,  Santiago de Surco, Lima",255m²Superficie total,237m²Superficie techada,2Estacionamientos,1Medio baño,4Dormitorios,40Antigüedad,No hay informacion,No hay informacion,"S/ 1,982,400",No Mantenience,https://urbania.pe/inmueble/venta-de-casa-en-santiago-de-surco-lima-4-dormitorios-58038833,https://img10.naventcdn.com/avisos/111/00/58/03/88/33/720x532/206998838.jpg
175," San Martín de Porres, Lima",No hay informacion,110m²Superficie techada,0Estacionamientos,No hay informacion,2Dormitorios,60Antigüedad,No hay informacion,No hay informacion,"S/ 306,000",No Mantenience,https://urbania.pe/inmueble/venta-de-casa-en-san-martin-de-porres-lima-2-dormitorios-58061558,https://img10.naventcdn.com/avisos/111/00/58/06/15/58/720x532/207354042.jpg
176," La Encantada De Villa, Chorrillos",1910m²Superficie total,352m²Superficie techada,4Estacionamientos,No hay informacion,5Dormitorios,29Antigüedad,No hay informacion,No hay informacion,"S/ 3,154,000",No Mantenience,https://urbania.pe/inmueble/venta-de-casa-en-la-encantada-de-villa-chorrillos-5-a-mas-dormitorios-13483475, 
177,"antigua carretera panamericana sur km 107,  Asia, Cañete",235m²Superficie total,235m²Superficie techada,No hay informacion,No hay informacion,4Dormitorios,A estrenarAntigüedad,Parques Cercanos ,No hay informacion,"S/ 630,800",450,https://urbania.pe/inmueble/venta-de-casa-en-asia-canete-4-dormitorios-13386526,https://img10.naventcdn.com/avisos/111/00/13/38/65/26/720x532/199039824.jpg
178," Carabayllo, Lima",64m²Superficie total,101m²Superficie techada,0Estacionamientos,No hay informacion,3Dormitorios,15Antigüedad,No hay informacion,No hay informacion,"S/ 238,000",No Mantenience,https://urbania.pe/inmueble/venta-de-casa-en-carabayllo-lima-3-dormitorios-58256619,https://img10.naventcdn.com/avisos/111/00/58/25/66/19/720x532/210410132.jpg
179,"Santa Rosa Alta,  Santa Rosa, Punta Negra",224m²Superficie total,200m²Superficie techada,3Estacionamientos,No hay informacion,5Dormitorios,5Antigüedad,No hay informacion,No hay informacion,"S/ 498,000",No Mantenience,https://urbania.pe/inmueble/venta-de-casa-en-santa-rosa-punta-negra-5-a-mas-dormitorios-13426223,https://img10.naventcdn.com/avisos/111/00/13/42/62/23/720x532/199931966.jpg
180,"Av. La Paz 2100 San Miguel,  San Miguel, Lima",51m²Superficie total,51m²Superficie techada,0Estacionamientos,No hay informacion,2Dormitorios,A estrenarAntigüedad,No hay informacion,No hay informacion,"S/ 231,372",180,https://urbania.pe/inmueble/venta-de-casa-en-san-miguel-lima-2-dormitorios-58343348,https://img10.naventcdn.com/avisos/111/00/58/34/33/48/720x532/211720323.jpg
181," La Planicie, La Molina",1000m²Superficie total,432m²Superficie techada,4Estacionamientos,No hay informacion,6Dormitorios,18Antigüedad,No hay informacion,No hay informacion,"S/ 2,720,000",No Mantenience,https://urbania.pe/inmueble/venta-de-casa-en-la-planicie-la-molina-5-a-mas-dormitorios-58336191,https://img10.naventcdn.com/avisos/111/00/58/33/61/91/720x532/211599125.jpg
182,"X.COLEGIO HUMBOLDT 4DOR.+DPTO.A.T.210M2,  Alexander Von Humboldt, Miraflores",210m²Superficie total,320m²Superficie techada,2Estacionamientos,No hay informacion,4Dormitorios,20Antigüedad,No hay informacion,No hay informacion,"S/ 1,826,000",No Mantenience,https://urbania.pe/inmueble/venta-de-casa-en-alexander-von-humboldt-miraflores-4-dormitorios-13478263,https://img10.naventcdn.com/avisos/111/00/13/47/82/63/720x532/201059354.jpg
183,"Calle Aljovin,  San Martín de Porres, Lima",120m²Superficie total,344m²Superficie techada,0Estacionamientos,No hay informacion,5Dormitorios,A estrenarAntigüedad,Parques Cercanos ,No hay informacion,"S/ 468,983",No Mantenience,https://urbania.pe/inmueble/venta-de-casa-en-san-martin-de-porres-lima-5-a-mas-dormitorios-13507998,https://img10.naventcdn.com/avisos/111/00/13/50/79/98/720x532/201645523.jpg
184,"CALLE MONTE BLANCO 321 RINCONADA ALTA, LA MOLINA,  Rinconada Alta, La Molina",1300m²Superficie total,480m²Superficie techada,6Estacionamientos,1Medio baño,6Dormitorios,10Antigüedad,No hay informacion,No hay informacion,"S/ 5,360,000",No Mantenience,https://urbania.pe/inmueble/alquiler-de-casa-en-rinconada-alta-la-molina-5-a-mas-dormitorios-13223788,https://img10.naventcdn.com/avisos/111/00/13/22/37/88/720x532/195577759.jpg
185," Las Lagunas De La Molina, La Molina",440m²Superficie total,300m²Superficie techada,4Estacionamientos,No hay informacion,3Dormitorios,18Antigüedad,Parques Cercanos ,No hay informacion,"S/ 1,925,600",No Mantenience,https://urbania.pe/inmueble/venta-de-casa-en-las-lagunas-de-la-molina-la-molina-3-dormitorios-13231258,https://img10.naventcdn.com/avisos/111/00/13/23/12/58/720x532/196172006.jpg
186,"General Garzon 1917,  Jesús María, Lima",75m²Superficie total,111m²Superficie techada,0Estacionamientos,No hay informacion,3Dormitorios,A estrenarAntigüedad,Parques Cercanos ,No hay informacion,"S/ 863,200",No Mantenience,https://urbania.pe/inmueble/venta-de-casa-en-jesus-maria-lima-3-dormitorios-13475285,https://img10.naventcdn.com/avisos/111/00/13/47/52/85/720x532/200898627.jpg
187,"URBANIZACIÓN SANTA CRUZ DE ASIA,  Asia, Cañete",416m²Superficie total,220m²Superficie techada,2Estacionamientos,No hay informacion,5Dormitorios,A estrenarAntigüedad,No hay informacion,No hay informacion,"S/ 620,840",No Mantenience,https://urbania.pe/inmueble/venta-de-casa-en-asia-canete-5-a-mas-dormitorios-13145349,https://img10.naventcdn.com/avisos/111/00/13/14/53/49/720x532/193865994.jpg
188,"Jr. Prolongación Ayacucho,  San Miguel, Lima",188m²Superficie total,188m²Superficie techada,No hay informacion,No hay informacion,4Dormitorios,30Antigüedad,Parques Cercanos ,No hay informacion,"S/ 1,120,000",No Mantenience,https://urbania.pe/inmueble/venta-de-casa-en-san-miguel-lima-4-dormitorios-58252888,https://img10.naventcdn.com/avisos/111/00/58/25/28/88/720x532/210349275.jpg
189," Las Flores, San Juan de Lurigancho",173m²Superficie total,173m²Superficie techada,0Estacionamientos,No hay informacion,3Dormitorios,15Antigüedad,No hay informacion,No hay informacion,"S/ 496,000",No Mantenience,https://urbania.pe/inmueble/venta-de-casa-en-las-flores-san-juan-de-lurigancho-3-dormitorios-57832331,https://img10.naventcdn.com/avisos/111/00/57/83/23/31/720x532/203557263.jpg
190,"Gozzoli Norte  100,  Las Artes, San Borja",400m²Superficie total,378m²Superficie techada,2Estacionamientos,No hay informacion,4Dormitorios,30Antigüedad,No hay informacion,No hay informacion,"S/ 2,224,400",No Mantenience,https://urbania.pe/inmueble/venta-de-casa-en-las-artes-san-borja-4-dormitorios-13245992,https://img10.naventcdn.com/avisos/111/00/13/24/59/92/720x532/196074059.jpg
191,"Calle uno mz E,  Alameda Sur De Villa, Chorrillos",140m²Superficie total,140m²Superficie techada,No hay informacion,No hay informacion,3Dormitorios,20Antigüedad,No hay informacion,No hay informacion,"S/ 647,400",No Mantenience,https://urbania.pe/inmueble/venta-de-casa-en-alameda-sur-de-villa-chorrillos-3-dormitorios-13351869,https://img10.naventcdn.com/avisos/111/00/13/35/18/69/720x532/198443784.jpg
192,"Santa Ana 120,  Pueblo Libre, Lima",248m²Superficie total,191m²Superficie techada,2Estacionamientos,1Medio baño,6Dormitorios,40Antigüedad,Parques Cercanos ,No hay informacion,"S/ 1,461,000",No Mantenience,https://urbania.pe/inmueble/venta-de-casa-en-pueblo-libre-lima-5-a-mas-dormitorios-58240956,https://img10.naventcdn.com/avisos/111/00/58/24/09/56/720x532/210156163.jpg
193,"Calle 3 urbanizacion playa totoritas MZ L LT4,  Mala, Cañete",200m²Superficie total,155m²Superficie techada,No hay informacion,No hay informacion,5Dormitorios,18Antigüedad,No hay informacion,No hay informacion,"S/ 1,095,600",No Mantenience,https://urbania.pe/inmueble/venta-de-casa-en-mala-canete-5-a-mas-dormitorios-13317158,https://img10.naventcdn.com/avisos/111/00/13/31/71/58/720x532/197756132.jpg
194,"AV. LIBERTAD 246,  San Miguel, Lima",35m²Superficie total,35m²Superficie techada,0Estacionamientos,No hay informacion,2Dormitorios,27Antigüedad,No hay informacion,No hay informacion,"S/ 254,100",No Mantenience,https://urbania.pe/inmueble/venta-de-casa-en-san-miguel-lima-2-dormitorios-58260012,https://img10.naventcdn.com/avisos/111/00/58/26/00/12/720x532/210462731.jpg
195,"Alt.Caminos del inca con Loma Umbrosa,  Prolongacion Benavides, Santiago de Surco",200m²Superficie total,200m²Superficie techada,2Estacionamientos,No hay informacion,4Dormitorios,A estrenarAntigüedad,Parques Cercanos ,No hay informacion,"S/ 1,311,400",No Mantenience,https://urbania.pe/inmueble/venta-de-casa-en-prolongacion-benavides-santiago-de-surco-4-dormitorios-13499855,https://img10.naventcdn.com/avisos/111/00/13/49/98/55/720x532/201465008.jpg
196,"malecon las gaviotas san bartolo,  San Bartolo, Lima",165m²Superficie total,130m²Superficie techada,No hay informacion,No hay informacion,2Dormitorios,1Antigüedad,No hay informacion,No hay informacion,"S/ 655,500",No Mantenience,https://urbania.pe/inmueble/venta-de-casa-en-san-bartolo-lima-2-dormitorios-58155544,https://img10.naventcdn.com/avisos/111/00/58/15/55/44/720x532/208776736.jpg
197,"Av. Insurgente,  San Miguel, Lima",200m²Superficie total,200m²Superficie techada,No hay informacion,No hay informacion,5Dormitorios,25Antigüedad,No hay informacion,No hay informacion,"S/ 1,065,600",No Mantenience,https://urbania.pe/inmueble/venta-de-casa-en-san-miguel-lima-5-a-mas-dormitorios-57984953,https://img10.naventcdn.com/avisos/111/00/57/98/49/53/720x532/206165624.jpg
198,"Villa Club,  Carabayllo, Lima",76m²Superficie total,76m²Superficie techada,No hay informacion,No hay informacion,3Dormitorios,8Antigüedad,No hay informacion,No hay informacion,"S/ 149,850",No Mantenience,https://urbania.pe/inmueble/venta-de-casa-en-carabayllo-lima-3-dormitorios-58203667,https://img10.naventcdn.com/avisos/111/00/58/20/36/67/720x532/209548094.jpg
199,"Calle hatuncolla lote 17 y 18, mangomarca,  Mangomarca, San Juan de Lurigancho",1790m²Superficie total,1410m²Superficie techada,4Estacionamientos,No hay informacion,20Dormitorios,14Antigüedad,No hay informacion,No hay informacion,"S/ 1,407,000",No Mantenience,https://urbania.pe/inmueble/venta-de-casa-en-mangomarca-san-juan-de-lurigancho-5-a-mas-dormitorios-58259813,https://img10.naventcdn.com/avisos/111/00/58/25/98/13/720x532/210461125.jpg
200," Santa Genoveva, Lurín",1004m²Superficie total,1004m²Superficie techada,0Estacionamientos,No hay informacion,0Dormitorios,15Antigüedad,Parque Interno ,No hay informacion,"S/ 1,650,000",500,https://urbania.pe/inmueble/venta-de-casa-en-santa-genoveva-lurin-13426891,https://img10.naventcdn.com/avisos/111/00/13/42/68/91/720x532/210693135.jpg
201,"Los Pinos 271, San Isidro, Lima, Peru,  San Isidro, Lima",400m²Superficie total,399m²Superficie techada,3Estacionamientos,1Medio baño,6Dormitorios,40Antigüedad,No hay informacion,No hay informacion,"S/ 3,346,200",No Mantenience,https://urbania.pe/inmueble/venta-de-casa-en-san-isidro-lima-5-a-mas-dormitorios-58098825,https://img10.naventcdn.com/avisos/111/00/58/09/88/25/720x532/207923282.jpg
202,"Nueva Toledo,  Cieneguilla, Cieneguilla",2711m²Superficie total,650m²Superficie techada,5Estacionamientos,No hay informacion,5Dormitorios,10Antigüedad,Parques Cercanos ,No hay informacion,"S/ 2,822,000",No Mantenience,https://urbania.pe/inmueble/venta-de-casa-en-cieneguilla-cieneguilla-5-a-mas-dormitorios-13184837,https://img10.naventcdn.com/avisos/111/00/13/18/48/37/720x532/194685895.jpg
203,"Las Orquídeas,  San Bartolo, San Bartolo",335m²Superficie total,236m²Superficie techada,3Estacionamientos,No hay informacion,3Dormitorios,25Antigüedad,No hay informacion,No hay informacion,"S/ 823,360",No Mantenience,https://urbania.pe/inmueble/venta-de-casa-en-san-bartolo-san-bartolo-3-dormitorios-13426192,https://img10.naventcdn.com/avisos/111/00/13/42/61/92/720x532/199931087.jpg
204,"Calle Henry Revet 200,  Miraflores, Lima",380m²Superficie total,380m²Superficie techada,2Estacionamientos,No hay informacion,4Dormitorios,A estrenarAntigüedad,Parques Cercanos ,No hay informacion,"S/ 2,040,000",No Mantenience,https://urbania.pe/inmueble/venta-de-casa-en-miraflores-lima-4-dormitorios-12408243,https://img10.naventcdn.com/avisos/111/00/12/40/82/43/720x532/196755252.jpg
205," Residencial Monterrico, La Molina",1000m²Superficie total,500m²Superficie techada,5Estacionamientos,No hay informacion,4Dormitorios,18Antigüedad,Parques Cercanos ,No hay informacion,"S/ 3,967,400",No Mantenience,https://urbania.pe/inmueble/venta-de-casa-en-residencial-monterrico-la-molina-4-dormitorios-13124012,https://img10.naventcdn.com/avisos/111/00/13/12/40/12/720x532/193372106.jpg
206," Mala Sur, Mala",3600m²Superficie total,200m²Superficie techada,0Estacionamientos,No hay informacion,3Dormitorios,18Antigüedad,No hay informacion,No hay informacion,"S/ 836,640",No Mantenience,https://urbania.pe/inmueble/venta-de-casa-en-mala-sur-mala-3-dormitorios-13320013,https://img10.naventcdn.com/avisos/111/00/13/32/00/13/720x532/197830307.jpg
207," Jesús María, Lima",278m²Superficie total,251m²Superficie techada,0Estacionamientos,No hay informacion,4Dormitorios,55Antigüedad,No hay informacion,No hay informacion,"S/ 2,182,400",No Mantenience,https://urbania.pe/inmueble/venta-de-casa-en-jesus-maria-lima-4-dormitorios-58314933,https://img10.naventcdn.com/avisos/111/00/58/31/49/33/720x532/211273825.jpg
208,"Av. Los Sauces mz H lote 4 y 5,  Huertos De Villena, Lurín",10260m²Superficie total,150m²Superficie techada,0Estacionamientos,No hay informacion,4Dormitorios,A estrenarAntigüedad,No hay informacion,No hay informacion,"S/ 8,897,600",No Mantenience,https://urbania.pe/inmueble/venta-de-casa-en-huertos-de-villena-lurin-4-dormitorios-13121955,https://img10.naventcdn.com/avisos/111/00/13/12/19/55/720x532/193328999.jpg
209,"Calle A. Durero,  San Borja, Lima",392m²Superficie total,392m²Superficie techada,No hay informacion,No hay informacion,5Dormitorios,30Antigüedad,No hay informacion,No hay informacion,"S/ 2,114,550",No Mantenience,https://urbania.pe/inmueble/venta-de-casa-en-san-borja-lima-5-a-mas-dormitorios-58218541,https://img10.naventcdn.com/avisos/111/00/58/21/85/41/720x532/209788723.jpg
210,"RINCONADA DEL LAGO,  La Molina, Lima",471m²Superficie total,371m²Superficie techada,4Estacionamientos,No hay informacion,5Dormitorios,A estrenarAntigüedad,No hay informacion,No hay informacion,"S/ 1,925,600",No Mantenience,https://urbania.pe/inmueble/venta-de-casa-en-la-molina-lima-5-a-mas-dormitorios-13263328,https://img10.naventcdn.com/avisos/111/00/13/26/33/28/720x532/207213779.jpg
211," La Encantada, Chorrillos",546m²Superficie total,546m²Superficie techada,5Estacionamientos,No hay informacion,7Dormitorios,20Antigüedad,No hay informacion,No hay informacion,"S/ 3,146,500",No Mantenience,https://urbania.pe/inmueble/venta-de-casa-en-la-encantada-chorrillos-5-a-mas-dormitorios-58391048,https://img10.naventcdn.com/avisos/111/00/58/39/10/48/720x532/212671009.jpg
212," San Gabriel, San Isidro",400m²Superficie total,500m²Superficie techada,0Estacionamientos,No hay informacion,4Dormitorios,A estrenarAntigüedad,No hay informacion,No hay informacion,"S/ 9,960,000",No Mantenience,https://urbania.pe/inmueble/venta-de-casa-en-san-gabriel-san-isidro-4-dormitorios-13375058,https://img10.naventcdn.com/avisos/111/00/13/37/50/58/720x532/198826314.jpg
213,"Av. El Polo,  El Derby, Santiago de Surco",267m²Superficie total,204m²Superficie techada,4Estacionamientos,No hay informacion,5Dormitorios,20Antigüedad,Parques Cercanos ,No hay informacion,"S/ 1,726,400",No Mantenience,https://urbania.pe/inmueble/venta-de-casa-en-el-derby-santiago-de-surco-5-a-mas-dormitorios-13396455,https://img10.naventcdn.com/avisos/111/00/13/39/64/55/720x532/199244011.jpg
214,"Punta Pejerrey,  El Sol De La Molina, La Molina",590m²Superficie total,310m²Superficie techada,3Estacionamientos,No hay informacion,No hay informacion,4Antigüedad,No hay informacion,No hay informacion,"S/ 4,482,000",No Mantenience,https://urbania.pe/inmueble/venta-de-casa-en-el-sol-de-la-molina-la-molina-1-dormitorio-12771802,https://img10.naventcdn.com/avisos/111/00/12/77/18/02/720x532/194215658.jpg
215,"LA PLANICIE,  La Molina, Lima",1700m²Superficie total,550m²Superficie techada,8Estacionamientos,No hay informacion,4Dormitorios,A estrenarAntigüedad,No hay informacion,No hay informacion,"S/ 5,729,000",No Mantenience,https://urbania.pe/inmueble/venta-de-casa-en-la-molina-lima-4-dormitorios-58012549,https://img10.naventcdn.com/avisos/111/00/58/01/25/49/720x532/206585071.jpg
216," San Borja, Lima",319m²Superficie total,300m²Superficie techada,3Estacionamientos,No hay informacion,3Dormitorios,30Antigüedad,Parques Cercanos ,No hay informacion,"S/ 2,324,000",No Mantenience,https://urbania.pe/inmueble/venta-de-casa-en-san-borja-lima-3-dormitorios-13326503,https://img10.naventcdn.com/avisos/111/00/13/32/65/03/720x532/197988567.jpg
217,"LAS NAZARENAS cdra. 6,  Santiago de Surco, Lima",210m²Superficie total,120m²Superficie techada,3Estacionamientos,No hay informacion,3Dormitorios,40Antigüedad,No hay informacion,No hay informacion,"S/ 1,373,500",No Mantenience,https://urbania.pe/inmueble/venta-de-casa-en-santiago-de-surco-lima-3-dormitorios-58273137,https://img10.naventcdn.com/avisos/111/00/58/27/31/37/720x532/210635733.jpg
218," Chilca, Cañete",No hay informacion,217m²Superficie techada,No hay informacion,No hay informacion,4Dormitorios,2Antigüedad,No hay informacion,No hay informacion,"S/ 200,400",No Mantenience,https://urbania.pe/inmueble/venta-de-casa-en-chilca-canete-4-dormitorios-58000549,https://img10.naventcdn.com/avisos/111/00/58/00/05/49/720x532/206412620.jpg
219,"Av. Los Fresnos,  La Molina, Lima",253m²Superficie total,253m²Superficie techada,2Estacionamientos,No hay informacion,4Dormitorios,25Antigüedad,No hay informacion,No hay informacion,"S/ 1,265,400",No Mantenience,https://urbania.pe/inmueble/venta-de-casa-en-la-molina-lima-4-dormitorios-58012554,https://img10.naventcdn.com/avisos/111/00/58/01/25/54/720x532/206585307.jpg
220,"jr. callao 232 Nueva Esperanza,  Villa María del Triunfo, Lima",155m²Superficie total,145m²Superficie techada,0Estacionamientos,No hay informacion,6Dormitorios,23Antigüedad,No hay informacion,No hay informacion,"S/ 290,000",No Mantenience,https://urbania.pe/inmueble/venta-de-casa-en-villa-maria-del-triunfo-lima-5-a-mas-dormitorios-58201453,https://img10.naventcdn.com/avisos/111/00/58/20/14/53/720x532/209513745.jpg
221," Santiago de Surco, Lima",335m²Superficie total,120m²Superficie techada,No hay informacion,No hay informacion,6Dormitorios,8Antigüedad,No hay informacion,No hay informacion,"S/ 1,024,650",No Mantenience,https://urbania.pe/inmueble/venta-de-casa-en-santiago-de-surco-lima-5-a-mas-dormitorios-58227865,https://img10.naventcdn.com/avisos/111/00/58/22/78/65/720x532/209935342.jpg
222,"Av. Pacasmayo,  San Martín de Porres, Lima",350m²Superficie total,350m²Superficie techada,No hay informacion,No hay informacion,5Dormitorios,30Antigüedad,No hay informacion,No hay informacion,"S/ 865,800",No Mantenience,https://urbania.pe/inmueble/venta-de-casa-en-san-martin-de-porres-lima-5-a-mas-dormitorios-57926177,https://img10.naventcdn.com/avisos/111/00/57/92/61/77/720x532/205058858.jpg
223,"LA MOLINA VIEJA ,  La Molina, Lima",465m²Superficie total,350m²Superficie techada,3Estacionamientos,No hay informacion,3Dormitorios,A estrenarAntigüedad,No hay informacion,No hay informacion,"S/ 2,493,800",No Mantenience,https://urbania.pe/inmueble/venta-de-casa-en-la-molina-lima-3-dormitorios-57791118,https://img10.naventcdn.com/avisos/111/00/57/79/11/18/720x532/202907506.jpg
224,"Calle EL CUADRO MZB S/N,  Chaclacayo, Chaclacayo",217m²Superficie total,107m²Superficie techada,No hay informacion,No hay informacion,3Dormitorios,37Antigüedad,No hay informacion,No hay informacion,"S/ 765,000",40,https://urbania.pe/inmueble/venta-de-casa-en-chaclacayo-chaclacayo-3-dormitorios-58084059,https://img10.naventcdn.com/avisos/111/00/58/08/40/59/720x532/209634072.jpg
225,"LAS FLORES,  San Juan de Lurigancho, Lima",180m²Superficie total,90m²Superficie techada,0Estacionamientos,1Medio baño,0Dormitorios,15Antigüedad,No hay informacion,No hay informacion,"S/ 421,600",No Mantenience,https://urbania.pe/inmueble/venta-de-casa-en-san-juan-de-lurigancho-lima-58229946,https://img10.naventcdn.com/avisos/111/00/58/22/99/46/720x532/209983209.jpg
226,"AV. LA MOLINA 1020,  Sol De La Molina, La Molina",1011m²Superficie total,245m²Superficie techada,4Estacionamientos,1Medio baño,3Dormitorios,30Antigüedad,No hay informacion,No hay informacion,"S/ 3,740,000",No Mantenience,https://urbania.pe/inmueble/venta-de-casa-en-sol-de-la-molina-la-molina-3-dormitorios-58293197,https://img10.naventcdn.com/avisos/111/00/58/29/31/97/720x532/210938987.jpg
227,"Por el Colegio Pio XII,  Monterrico Chico, Santiago de Surco",67m²Superficie total,180m²Superficie techada,0Estacionamientos,1Medio baño,4Dormitorios,18Antigüedad,No hay informacion,No hay informacion,"S/ 946,200",No Mantenience,https://urbania.pe/inmueble/venta-de-casa-en-monterrico-chico-santiago-de-surco-4-dormitorios-13427512,https://img10.naventcdn.com/avisos/111/00/13/42/75/12/720x532/199972973.jpg
228,"La Floresta,  Chaclacayo, Chaclacayo",1400m²Superficie total,560m²Superficie techada,5Estacionamientos,No hay informacion,3Dormitorios,2Antigüedad,Parques Cercanos ,No hay informacion,"S/ 1,992,000",No Mantenience,https://urbania.pe/inmueble/venta-de-casa-en-chaclacayo-chaclacayo-3-dormitorios-13364043,https://img10.naventcdn.com/avisos/111/00/13/36/40/43/720x532/198627853.jpg
229,"condominio puesta de sol,  Asia, Cañete",180m²Superficie total,160m²Superficie techada,2Estacionamientos,1Medio baño,0Dormitorios,4Antigüedad,No hay informacion,No hay informacion,"S/ 918,000",550,https://urbania.pe/inmueble/venta-de-casa-en-asia-canete-58278706,https://img10.naventcdn.com/avisos/111/00/58/27/87/06/720x532/210718667.jpg
230," Rinconada Del Lago, La Molina",1000m²Superficie total,337m²Superficie techada,10Estacionamientos,No hay informacion,4Dormitorios,19Antigüedad,No hay informacion,No hay informacion,"S/ 2,970,000",No Mantenience,https://urbania.pe/inmueble/venta-de-casa-en-rinconada-del-lago-la-molina-4-dormitorios-58209220,https://img10.naventcdn.com/avisos/111/00/58/20/92/20/720x532/209638106.jpg
231,"JR. QUIROGA 491, URB. TAMBO DE MONTERRICO, SURCO,  Tambo De Monterrico, Santiago de Surco",300m²Superficie total,207m²Superficie techada,2Estacionamientos,No hay informacion,4Dormitorios,45Antigüedad,Parques Cercanos ,No hay informacion,"S/ 2,022,000",No Mantenience,https://urbania.pe/inmueble/venta-de-casa-en-tambo-de-monterrico-santiago-de-surco-4-dormitorios-13448394,https://img10.naventcdn.com/avisos/111/00/13/44/83/94/720x532/200424042.jpg
232,"Urb. Villa Corpac,  Villa Corpac, Carabayllo",193m²Superficie total,193m²Superficie techada,No hay informacion,No hay informacion,5Dormitorios,25Antigüedad,No hay informacion,No hay informacion,"S/ 399,600",No Mantenience,https://urbania.pe/inmueble/venta-de-casa-en-villa-corpac-carabayllo-5-a-mas-dormitorios-58216175,https://img10.naventcdn.com/avisos/111/00/58/21/61/75/720x532/209749668.jpg
233," Sc.2 Gr.13, Villa el Salvador",140m²Superficie total,140m²Superficie techada,0Estacionamientos,No hay informacion,5Dormitorios,18Antigüedad,No hay informacion,No hay informacion,"S/ 290,000",No Mantenience,https://urbania.pe/inmueble/venta-de-casa-en-sc2-gr13-villa-el-salvador-5-a-mas-dormitorios-58333175,https://img10.naventcdn.com/avisos/111/00/58/33/31/75/720x532/211543710.jpg
234,"Calle Sandy,  La Molina, Lima",1165m²Superficie total,580m²Superficie techada,4Estacionamientos,1Medio baño,4Dormitorios,25Antigüedad,No hay informacion,No hay informacion,"S/ 3,400,000",No Mantenience,https://urbania.pe/inmueble/venta-de-casa-en-la-molina-lima-4-dormitorios-58176164,https://img10.naventcdn.com/avisos/111/00/58/17/61/64/720x532/209166327.jpg
235,"avenida las platas rojas Mz, J-3 Lt. 44, SANTA ROSA, San Juan de Lurigancho,  San Juan de Lurigancho, Lima",200m²Superficie total,170m²Superficie techada,0Estacionamientos,No hay informacion,4Dormitorios,20Antigüedad,No hay informacion,No hay informacion,"S/ 670,000",No Mantenience,https://urbania.pe/inmueble/venta-de-casa-en-san-juan-de-lurigancho-lima-4-dormitorios-58255658,https://img10.naventcdn.com/avisos/111/00/58/25/56/58/720x532/210396983.jpg
